programa_id,anos_atividade,faixa_conceito,docentes_mestrado,docentes_doutorado,docentes_bacharelado,media_idade,dedic_integral,dedic_parcial,qualis_perio_A1,qualis_perio_A2,qualis_perio_B1,qualis_perio_B2,qualis_perio_B3,qualis_perio_B4,qualis_perio_B5,qualis_perio_C,qualis_perio_NI,total_dissertacoes,total_teses,patentes,artigos
31075010001P2,10,5,127,1113,0,48.024193548387096,1207,33,11,14,25,16,8,3,17,28,5,657,0,1,25
33283010001P5,8,4,5,765,1,49.71206225680934,717,54,11,34,25,20,4,5,21,86,6,190,0,2,27
22003010017P5,15,5,0,245,0,54.824489795918367,219,26,101,141,263,186,133,134,46,101,0,0,132,358,21
33287015001P7,7,4,0,166,0,50.126506024096386,159,7,44,64,103,33,13,7,15,28,0,10,3,25,5
33002010050P7,45,6,0,122,0,63.549180327868854,115,7,52,56,47,39,10,23,21,1,3,82,38,51,18
33002010045P3,53,6,0,122,0,58.4344262295082,109,13,55,28,47,28,4,0,32,20,2,46,52,21,41
33002010002P2,51,7,0,122,0,59.819672131147541,105,17,83,212,79,20,24,10,8,14,0,40,42,3,9
31010016002P6,44,6,0,114,0,60.201754385964911,109,5,26,75,100,35,10,20,13,14,9,63,27,1,116
33003017007P0,49,7,0,106,0,56.669811320754718,83,23,78,98,59,31,11,3,1,16,1,44,50,29,8
33003017021P3,49,7,0,102,0,58.578431372549019,99,3,59,24,37,24,5,1,9,2,1,83,46,22,5
32001010006P9,53,7,0,102,0,43.872549019607845,41,61,36,39,67,21,6,4,2,3,2,19,21,24,155
31010016004P9,32,7,0,98,0,53.387755102040813,93,5,46,59,88,49,12,12,10,19,1,31,21,15,10
33147019001P2,12,4,0,95,0,47.347368421052629,93,2,10,28,73,31,9,3,10,6,0,29,18,2,7
42001013098P9,13,5,0,91,0,54.109890109890109,78,13,7,22,32,21,13,10,13,4,1,52,47,1,15
32005016039P0,7,4,0,87,0,44.609195402298852,87,0,26,51,45,52,13,5,4,12,1,25,3,20,2
31001017012P6,58,7,0,86,0,57.895348837209305,79,7,30,38,61,23,5,5,7,10,1,28,24,2,1
53001010100P8,8,4,0,82,0,52.207317073170735,69,13,45,36,62,36,35,28,8,27,0,0,17,34,64
33002010156P0,30,5,0,80,0,56.7375,74,6,61,74,81,23,6,11,4,14,0,15,19,92,50
33003017022P0,47,7,1,79,0,56.9375,76,4,24,36,34,4,8,5,4,18,14,76,33,31,8
22001018074P6,11,4,0,78,0,58.205128205128204,77,1,18,19,57,33,18,71,20,17,5,0,48,3,29
33002053010P7,11,5,0,75,0,55.613333333333337,71,4,72,69,32,29,35,56,9,0,0,65,44,1,34
52001016034P9,15,4,0,74,0,54.662162162162161,50,24,12,30,54,60,40,25,25,10,1,33,26,3,34
32001010002P3,53,7,0,73,0,55.013698630136986,71,2,29,58,25,13,3,2,2,4,0,17,15,11,2
33009015070P2,11,4,0,71,0,50.154929577464792,71,0,37,56,46,16,2,13,3,1,3,47,11,1,5
42001013002P1,57,7,1,71,0,58.152777777777779,71,1,43,61,50,24,16,6,2,6,1,12,18,6,10
33002045004P1,47,6,0,70,0,51.828571428571429,70,0,54,27,14,7,26,8,11,3,1,40,61,1,28
42001013040P0,36,7,0,69,0,53.043478260869563,68,1,31,68,42,40,11,1,2,26,3,23,23,40,2
33011010013P3,9,4,0,68,0,57.279411764705884,65,3,13,15,20,9,20,3,9,12,9,34,14,10,4
33004102072P9,22,6,0,66,0,57.136363636363633,61,5,23,83,72,28,10,22,48,1,0,22,53,1,26
33004030072P8,28,7,0,64,0,57.5625,64,0,51,67,89,60,13,7,13,17,0,33,29,44,54
32001010005P2,54,7,0,64,0,53.09375,62,2,46,61,49,41,11,3,4,8,0,35,30,65,6
33002010171P9,26,7,0,64,0,55.96875,57,7,61,61,71,52,31,7,6,7,1,19,26,2,2
33002029010P0,51,5,0,63,0,58.444444444444443,63,0,28,26,62,76,43,11,11,22,0,10,25,3,6
31001017006P6,58,7,0,63,0,56.746031746031747,63,0,28,38,46,33,8,2,5,10,0,41,20,15,6
33002045020P7,10,7,0,63,0,56.444444444444443,60,3,67,52,57,36,8,4,6,21,2,24,56,23,10
31010016001P0,45,7,0,62,0,56.322580645161288,60,2,27,34,82,41,21,7,4,8,0,22,18,47,5
33002010046P0,50,6,1,61,0,58.322580645161288,57,5,30,12,24,5,0,10,3,3,18,23,27,14,26
33073015001P5,24,5,0,61,0,52.311475409836063,53,8,34,22,47,45,29,4,0,6,0,41,30,3,621
33003017041P4,35,4,0,60,1,57.754098360655739,60,1,13,6,13,7,2,1,7,3,6,31,17,4,21
53001010047P0,26,5,0,60,0,54.533333333333331,56,4,18,32,45,33,40,20,3,8,0,45,18,3,2
33003025001P8,12,4,0,60,0,49.283333333333331,56,4,15,7,8,7,13,4,0,2,0,33,1,4,8
32001010015P8,49,7,1,59,0,51.166666666666664,59,1,39,15,25,9,2,0,3,3,0,66,22,8,4
33119015001P0,22,4,0,59,0,51.644067796610166,54,5,25,29,13,18,33,16,2,0,0,350,0,18,26
33003017004P1,44,6,0,59,0,56.457627118644069,52,7,9,10,23,14,4,4,6,0,1,12,26,2,1
31010016003P2,41,5,0,58,0,57.8448275862069,53,5,27,54,61,29,26,11,9,10,0,27,38,2,22
33004080027P6,38,5,0,56,0,56.678571428571431,51,5,19,13,19,9,8,13,13,14,14,34,31,6,12
42015014006P4,19,4,0,55,0,52.690909090909088,55,0,10,28,36,38,15,20,3,21,1,29,15,5,11
33003017024P2,41,7,0,54,0,53.685185185185183,36,18,31,46,49,21,25,20,14,13,0,22,25,9,17
31001017029P6,55,6,0,53,0,57.358490566037737,52,1,21,65,10,8,1,0,2,1,2,47,22,3,1
33003017034P8,41,6,0,53,0,57.113207547169814,50,3,54,18,15,3,3,1,34,1,0,47,28,43,16
40002012041P8,11,3,1,53,0,53.833333333333336,42,12,20,18,31,25,30,20,7,2,0,33,0,27,11
32001010042P5,32,6,0,52,0,54.28846153846154,52,0,14,67,68,9,3,6,5,0,0,38,21,9,129
41001010006P8,52,7,3,52,0,58.490909090909092,54,1,29,15,15,4,6,4,6,2,10,56,22,2,9
27001016009P3,19,5,0,52,0,50.403846153846153,48,4,7,15,35,46,12,6,10,17,4,21,19,64,9
33112010001P5,22,4,0,52,0,56.71153846153846,45,7,10,6,21,30,37,18,12,37,2,42,21,1,36
31001017037P9,45,6,0,51,0,56.490196078431374,51,0,49,17,18,5,4,15,18,4,0,41,39,17,24
32001010007P5,49,7,1,51,0,52.634615384615387,52,0,22,35,52,17,5,2,2,4,0,16,23,18,9
22001018004P8,45,5,1,51,0,54.28846153846154,52,0,23,34,19,24,14,7,2,3,0,22,29,21,1
33003017005P8,44,7,2,50,0,51.846153846153847,52,0,24,24,20,4,9,3,7,2,5,40,17,19,2
31033016001P2,27,5,0,50,0,53.94,49,1,21,32,54,18,1,3,15,0,0,35,13,3,11
33010013009P6,27,4,0,50,0,60.04,41,9,13,13,31,1,7,3,7,3,20,29,17,22,3
41001010022P3,50,7,0,49,0,55.387755102040813,47,2,29,28,22,17,6,0,0,5,0,31,17,10,1
31001017028P0,54,7,1,49,0,62.38,45,5,27,8,26,9,4,5,1,4,3,53,32,7,17
51001012019P7,15,4,1,48,0,55.510204081632651,49,0,20,14,32,10,12,11,5,15,0,33,20,7,69
41001010005P1,50,6,1,48,0,56.04081632653061,49,0,23,14,10,11,2,0,2,2,1,47,16,3,2
33011010012P7,19,5,0,48,0,55.354166666666664,44,4,19,11,22,4,15,7,10,11,9,59,0,5,8
31001017017P8,56,6,0,47,0,56.425531914893618,47,0,21,39,42,34,10,12,2,11,0,21,13,12,5
40002012039P3,12,4,0,47,0,51.191489361702125,47,0,6,37,21,29,15,5,9,13,0,0,16,20,4
33002029017P5,42,7,0,47,0,55.8936170212766,47,0,27,43,42,27,4,7,9,3,0,22,27,3,7
23001011047P1,12,4,0,47,0,54.468085106382979,46,1,12,19,46,36,23,14,1,14,0,0,9,22,9
40006018001P1,33,5,0,47,0,52.638297872340424,46,1,27,8,14,8,3,0,4,6,0,40,16,5,2
33003017077P9,20,5,0,47,0,58.319148936170215,45,2,6,11,1,0,3,0,0,7,2,34,13,1,33
33002010130P0,51,5,0,47,0,59.234042553191486,42,5,31,7,10,9,5,8,1,4,2,31,8,5,48
25003011009P0,22,4,0,46,0,56.108695652173914,46,0,17,21,31,32,15,10,2,1,0,0,41,3,12
31001017148P5,9,4,1,46,0,54.191489361702125,46,1,18,29,45,17,3,2,10,9,0,4,0,1,5
31001017136P7,12,4,1,46,0,59.063829787234042,45,2,40,14,11,5,2,11,13,4,0,15,0,20,21
33002029031P8,26,6,0,45,0,53.733333333333334,45,0,17,44,46,22,5,4,2,12,0,22,14,20,11
33002045011P8,51,6,2,45,0,53.638297872340424,47,0,24,11,14,0,2,6,2,1,4,30,16,16,6
31003010027P0,30,5,0,45,0,50.733333333333334,44,1,14,36,22,27,7,1,4,4,0,23,15,6,1
32001010079P6,14,5,0,45,0,52.444444444444443,44,1,45,32,33,14,7,1,2,2,0,14,8,3,12
33001014011P5,33,5,0,45,0,50.955555555555556,44,1,6,29,34,13,3,1,14,4,1,5,13,1,47
42001013016P2,47,7,0,45,0,57.733333333333334,43,2,57,24,18,14,4,15,16,5,1,98,36,38,7
41001010048P2,20,4,0,45,0,58.62222222222222,43,2,11,9,2,1,7,2,14,3,0,35,9,1,4
28001010025P5,32,5,0,45,0,59.111111111111114,35,10,11,17,35,18,11,6,5,3,1,10,14,5,2
33002010077P2,50,5,0,45,0,56.2,35,10,42,50,29,19,30,41,8,0,0,19,20,2,224
31036015001P1,21,6,0,44,0,57.409090909090907,44,0,27,27,21,7,2,1,2,0,0,11,9,2,18
33002010176P0,24,6,0,44,0,54.022727272727273,43,1,7,12,14,10,6,0,4,2,0,36,18,2,6
33004056083P7,17,6,0,44,0,54.18181818181818,43,1,48,29,33,9,13,20,7,1,1,16,13,7,48
28001010004P8,53,5,0,44,0,52.727272727272727,42,2,10,27,19,18,7,2,3,3,0,24,22,13,3
33009015080P8,9,4,0,44,0,49.795454545454547,42,2,19,23,22,11,3,3,5,2,2,22,10,3,5
24009016005P0,48,4,0,44,0,46.363636363636367,36,8,9,4,9,0,5,0,2,6,0,16,15,2,1
40001016015P0,48,4,0,43,0,58.604651162790695,43,0,2,7,70,5,14,12,44,3,1,21,16,2,28
31004016022P0,24,5,0,43,0,52.2093023255814,43,0,39,82,16,4,2,1,1,7,0,9,9,1,1
42002010012P7,36,6,0,43,1,50.954545454545453,43,1,8,57,41,27,12,3,2,2,0,25,22,22,1
20001010009P4,22,4,0,43,0,50.372093023255815,40,3,10,12,12,11,7,3,2,3,0,13,13,11,1
28001010075P2,12,4,0,43,0,56.139534883720927,38,5,11,22,24,7,6,37,9,2,0,13,9,1,12
31010016015P0,15,6,0,43,0,55.325581395348834,29,14,16,7,23,13,3,5,2,9,0,10,7,1,31
32006012008P3,25,4,0,42,0,49.88095238095238,42,0,5,8,21,23,11,1,1,5,0,53,19,20,10
25001019045P4,27,4,0,42,0,57.476190476190474,40,2,16,27,55,14,21,7,3,11,2,24,29,18,1
25001019062P6,15,3,1,42,0,50.767441860465119,40,3,25,10,10,2,8,2,11,5,2,89,0,2,8
33019010010P1,18,4,0,42,0,60.071428571428569,19,23,24,15,19,18,22,6,3,10,0,21,8,4,57
23001011031P8,20,5,0,41,0,58.292682926829265,41,0,8,30,55,21,44,17,0,18,0,12,20,21,1
53001010007P8,48,6,0,41,0,56.31707317073171,41,0,16,23,29,19,9,8,11,15,0,7,16,24,4
31001017145P6,10,4,0,41,0,49.951219512195124,41,0,21,15,17,2,4,7,4,4,0,19,0,1,16
25001019002P3,48,6,0,41,0,55.195121951219512,41,0,6,43,26,15,3,0,2,4,0,9,15,6,2
42001013023P9,51,7,0,41,0,54.048780487804876,40,1,19,31,38,37,18,0,5,5,0,32,26,91,6
33003017026P5,44,5,0,41,0,56.365853658536587,38,3,12,9,25,20,3,0,10,3,1,15,16,1,8
33014019001P0,47,7,0,41,0,58.31707317073171,36,5,12,42,18,20,27,24,2,0,19,24,36,1,310
22003010028P7,6,4,2,41,0,51.02325581395349,37,6,3,3,5,5,6,1,3,3,42,8,0,8,4
33003017063P8,33,5,0,41,0,59.390243902439025,34,7,9,22,25,25,36,5,2,3,0,25,16,14,4
33009015075P4,10,3,0,40,0,47.975,40,0,4,18,22,17,5,3,0,10,0,31,0,4,9
31001017004P3,50,7,0,40,1,62.609756097560975,41,0,15,34,13,4,5,2,4,1,4,31,30,1,1
32001010014P1,49,7,1,40,0,54.195121951219512,40,1,30,6,21,9,11,2,8,1,0,27,8,2,2
53001010005P5,47,5,1,40,0,48.048780487804876,40,1,9,13,14,14,8,0,1,7,0,20,11,18,21
23001011033P0,18,4,0,40,0,49.75,39,1,12,12,26,32,24,27,6,7,2,38,11,1,4
25001019036P5,32,6,0,40,0,54.5,39,1,19,25,29,18,14,0,0,3,1,5,16,18,1
51001012007P9,25,4,0,40,0,47.625,31,9,8,14,11,9,1,2,5,7,2,16,9,21,4
33001014016P7,24,6,0,40,0,50.075,25,15,40,30,28,8,4,6,3,0,3,21,23,1,2
32001010025P3,42,6,0,39,0,52.8974358974359,39,0,26,31,31,21,13,15,3,0,0,19,19,4,5
31003010044P1,22,4,1,39,0,56.15,38,2,1,1,10,11,5,26,7,8,0,38,21,1,109
32001010016P4,49,5,0,39,0,56.051282051282051,37,2,14,9,13,6,7,6,2,5,4,47,14,11,6
25020013005P0,8,3,1,39,0,45.9,36,4,4,2,13,13,5,7,2,1,0,41,0,16,5
33011010005P0,60,4,0,39,0,57.256410256410255,33,6,11,5,10,16,2,0,4,1,0,32,10,5,4
31003010089P5,9,3,0,39,0,49.256410256410255,13,26,11,26,30,9,1,6,8,3,1,33,0,2,23
33002045017P6,28,4,0,38,0,58.026315789473685,38,0,54,54,30,13,14,35,5,0,1,14,13,21,16
33001014003P2,45,4,0,38,0,61.868421052631582,38,0,21,9,34,34,34,6,6,21,0,10,13,2,9
28001010002P5,46,3,0,38,0,53.60526315789474,38,0,6,15,14,14,7,2,2,6,1,8,6,6,2
22001018002P5,45,6,0,38,0,52.473684210526315,38,0,6,25,11,6,5,1,5,4,0,16,24,5,9
23001011010P0,35,6,0,38,0,51.236842105263158,38,0,17,27,12,8,4,0,2,1,0,11,11,8,1
31010016030P0,9,4,0,38,0,51.5,37,1,22,14,32,32,13,7,8,5,1,11,10,2,41
32007019006P7,26,6,0,38,0,51.736842105263158,37,1,1,11,26,10,4,1,4,10,0,15,5,3,1
12001015013P9,20,4,0,38,0,58.815789473684212,37,1,9,21,28,30,10,16,11,13,0,1,7,12,1
28001010095P3,7,4,0,38,0,46.131578947368418,37,1,11,8,3,3,0,2,4,3,0,15,1,3,5
31003010079P0,10,4,0,38,0,57.473684210526315,37,1,13,14,22,7,7,5,7,11,0,13,8,11,10
33003033008P8,28,6,0,38,0,52.526315789473685,36,2,38,39,15,16,12,6,1,0,1,35,37,1,13
33003033003P6,43,7,0,38,0,53.578947368421055,36,2,60,28,30,11,8,9,3,0,0,7,18,10,19
42001013068P2,23,6,0,38,0,54.921052631578945,35,3,20,29,38,20,5,5,7,7,0,19,17,7,6
33011010008P0,60,5,1,38,0,55.307692307692307,36,3,23,19,29,9,20,6,8,14,14,56,18,7,4
22001018046P2,16,4,0,38,0,45.94736842105263,35,3,19,17,13,9,9,10,1,5,0,15,8,6,2
42003016001P8,45,6,0,38,0,45.578947368421055,34,4,29,25,10,5,13,18,4,0,0,24,15,3,3
53001010051P7,19,4,0,38,0,55.868421052631582,33,5,7,9,27,30,11,5,1,3,0,11,7,2,17
33002010162P0,30,4,0,38,0,57.236842105263158,29,9,32,54,24,3,1,2,3,4,0,11,10,8,15
40001016026P2,30,6,0,37,0,53.729729729729726,37,0,25,41,28,16,8,9,0,5,2,27,11,28,2
33144010001P7,14,5,0,37,0,49.756756756756758,37,0,30,74,18,8,2,0,0,1,0,9,11,3,7
41001010044P7,22,5,0,37,0,52.054054054054056,36,1,5,23,29,37,16,1,2,4,0,18,16,8,1
33002029043P6,9,5,0,37,0,55.783783783783782,28,9,22,18,35,39,21,3,3,11,121,15,0,16,4
33002010022P3,48,6,1,37,0,58.421052631578945,26,12,18,25,42,21,15,8,2,10,0,15,17,4,15
33002010021P7,51,6,0,36,0,58.833333333333336,36,0,17,14,18,23,11,8,9,12,0,9,13,4,70
33002029023P5,33,7,0,36,0,53.777777777777779,36,0,16,35,48,36,16,5,2,3,2,26,19,21,6
42001013056P4,29,5,0,36,0,60.638888888888886,36,0,50,37,34,23,7,5,1,0,0,14,5,47,2
33002029027P0,30,6,1,36,0,56.972972972972975,37,0,18,27,39,32,3,8,3,6,1,24,24,1,8
33004102001P4,45,6,0,36,0,55.416666666666664,36,0,13,20,108,38,18,6,13,2,0,22,21,2,43
32067011001P6,18,6,0,36,0,54.416666666666664,35,1,15,32,24,17,8,5,1,0,0,15,12,15,7
33002010188P9,19,4,0,36,0,55,34,2,38,18,23,9,6,3,4,7,0,12,9,1,6
42002010036P3,14,3,0,36,0,47.222222222222221,33,3,4,1,6,1,3,0,2,5,3,21,0,3,2
31003010076P0,10,3,0,36,0,58.583333333333336,32,4,4,5,10,6,12,20,12,14,0,24,0,1,42
28025016001P4,15,4,0,36,1,53.054054054054056,9,28,19,34,38,15,10,1,1,1,0,4,5,5,4
31001017147P9,9,5,0,35,0,49.485714285714288,35,0,26,24,28,8,5,1,2,5,0,7,4,7,1
33001014020P4,17,4,0,35,0,56.114285714285714,35,0,16,23,30,18,6,4,9,13,0,9,8,33,76
33081018001P4,22,5,0,35,0,54.6,35,0,18,19,28,9,1,3,11,0,0,16,8,1,42
40006018011P7,11,3,0,35,0,48.657142857142858,35,0,6,2,4,4,3,1,2,6,0,11,0,3,1
33001014004P9,42,7,0,35,0,59.2,35,0,93,32,13,8,10,3,3,0,0,38,8,35,8
33003017033P1,41,6,0,35,0,57.2,35,0,5,21,40,18,26,7,10,5,0,14,10,15,10
53001010088P8,10,4,0,35,0,48.657142857142858,34,1,15,10,15,6,7,10,0,2,0,43,5,11,6
31003010045P8,21,4,0,35,0,54.714285714285715,33,2,4,0,5,2,10,16,34,24,4,119,0,3,18
24001015038P5,25,5,0,35,0,52.057142857142857,33,2,2,8,17,16,4,5,2,0,0,26,0,3,2
42002010020P0,27,4,0,35,0,53.228571428571428,32,3,1,1,10,5,3,5,10,2,4,25,1,2,8
42002010032P8,15,4,0,35,0,49.542857142857144,31,4,9,19,37,25,13,2,3,3,3,14,12,7,3
28001010012P0,49,5,0,35,0,56.6,30,5,9,10,22,43,14,5,7,18,0,19,10,1,50
32001010010P6,52,6,0,35,0,55.371428571428574,30,5,5,11,33,16,8,3,1,3,0,8,16,23,4
28001010039P6,21,6,0,35,0,52.542857142857144,28,7,26,12,17,22,10,0,4,13,0,9,9,3,3
33004102049P7,31,5,0,35,0,56.457142857142856,26,9,5,9,33,16,6,2,0,2,0,10,14,2,11
32001010068P4,19,6,0,35,0,49.914285714285711,26,9,24,28,30,17,8,8,7,27,0,13,14,32,6
33002010121P1,38,7,0,35,0,57,25,10,32,14,45,19,6,3,0,6,0,15,13,8,18
33083010001P7,23,4,0,35,0,59.6,21,14,1,1,0,1,0,4,10,4,10,29,0,2,74
31056016001P5,20,4,0,34,0,61.205882352941174,34,0,6,10,9,2,8,2,1,0,0,8,5,4,3
33144010005P2,14,3,0,34,0,53.294117647058826,34,0,10,6,15,10,7,3,1,0,0,14,14,3,17
33009015087P2,7,3,0,34,0,49.411764705882355,34,0,20,7,8,4,1,4,1,0,1,18,0,2,13
23001011008P6,38,4,0,34,0,52.705882352941174,34,0,15,6,14,13,0,1,6,7,1,36,24,3,1
31001017099P4,30,5,0,34,0,47.735294117647058,34,0,10,20,10,18,14,0,0,2,0,16,7,4,1
42002010023P9,23,5,0,34,0,45.058823529411768,33,1,18,26,78,41,19,5,29,18,0,19,15,3,14
23001011020P6,25,4,0,34,0,51.205882352941174,33,1,9,22,25,18,10,5,5,1,0,16,5,19,6
32001010085P6,12,5,1,34,0,54.771428571428572,34,1,6,18,20,10,5,0,1,13,0,14,0,31,3
15001016044P0,17,4,0,34,0,50.911764705882355,32,2,3,12,21,9,11,3,8,12,0,16,6,3,5
42005019014P5,28,7,0,34,0,58.3235294117647,31,3,28,23,33,54,15,9,2,18,0,19,11,2,9
33003017052P6,33,5,0,34,0,59.617647058823529,29,5,6,6,22,25,26,34,13,14,0,12,4,4,20
23001011009P2,38,4,0,34,0,54.088235294117645,28,6,9,10,8,0,3,1,3,6,2,36,31,13,1
53001010097P7,9,4,0,34,0,47.588235294117645,28,6,30,9,10,1,1,2,0,1,0,15,5,13,25
41001010009P7,45,6,0,34,0,57.735294117647058,25,9,7,44,42,37,1,5,1,4,0,22,18,9,1
32006012006P0,27,5,0,33,0,49.545454545454547,33,0,9,13,19,25,1,7,6,12,0,14,13,27,8
23001011012P3,31,4,0,33,0,50.060606060606062,33,0,14,18,14,19,5,5,4,14,0,9,13,47,2
31002013003P3,49,5,0,33,0,54.18181818181818,33,0,7,37,24,4,1,48,9,0,0,11,11,3,2
41001010090P9,6,3,0,33,0,49.060606060606062,33,0,11,0,4,9,1,1,4,2,7,11,0,1,2
31033016013P0,18,4,1,33,0,55.735294117647058,34,0,9,5,9,14,0,3,4,0,0,8,10,5,2
32006012002P5,36,7,0,33,0,53.515151515151516,33,0,19,3,25,6,5,3,0,3,3,27,20,30,12
22001018007P7,43,6,0,33,0,54.696969696969695,33,0,6,15,53,16,7,5,4,6,1,27,31,4,8
32002017012P5,46,6,1,33,1,57.542857142857144,34,1,35,29,89,9,16,0,2,0,1,32,16,2,57
31001017115P0,13,4,0,33,0,57.121212121212125,32,1,9,3,3,1,2,2,3,2,4,28,0,1,6
32001010009P8,48,6,0,33,0,52.090909090909093,30,3,9,25,46,13,10,6,4,4,0,15,16,10,162
32001010054P3,23,6,0,33,0,53.454545454545453,28,5,17,22,48,16,15,11,11,31,0,23,9,3,10
33144010006P9,14,4,0,32,0,49.53125,32,0,49,19,9,6,5,4,2,0,0,9,10,7,5
33004064088P4,6,4,1,32,0,56.454545454545453,33,0,2,1,2,15,8,8,5,11,0,22,0,1,3
33001014037P4,12,5,0,32,0,54.15625,32,0,10,15,31,6,5,2,2,6,0,10,12,3,2
42001013035P7,56,5,1,32,0,55.090909090909093,33,0,15,11,37,5,5,4,10,1,0,19,10,2,16
32006012011P4,23,4,0,32,0,48.53125,32,0,13,17,22,16,3,1,4,1,0,24,17,11,3
32001010008P1,51,7,0,32,0,55.75,32,0,7,13,34,14,10,5,4,2,0,7,5,21,8
32005016009P3,20,5,0,32,0,49.03125,32,0,9,18,12,37,6,2,4,4,0,22,10,9,6
33144010003P0,14,4,0,32,0,44.90625,32,0,16,25,26,13,3,2,1,6,0,9,12,15,9
42001013030P5,52,5,0,32,0,57.3125,32,0,19,31,66,4,4,6,5,0,0,33,16,7,22
52001016003P6,45,5,0,32,0,55.6875,31,1,7,28,34,13,19,7,6,2,0,16,14,1,4
33119015002P6,17,4,0,32,0,51.5625,31,1,23,27,9,13,24,3,0,0,0,2,55,11,15
33002045006P4,42,4,0,32,0,58.65625,31,1,0,3,7,9,4,0,24,4,0,9,6,2,2
33003025003P0,8,3,0,32,0,47.75,30,2,4,12,8,4,1,9,9,7,1,16,0,1,19
24001015015P5,43,6,0,32,0,53.96875,30,2,3,15,30,29,14,13,1,7,0,14,16,24,1
33002010099P6,45,7,0,32,0,50.4375,28,4,36,52,41,21,7,9,14,1,0,4,6,5,25
21001014002P2,22,4,0,32,0,54.34375,27,5,2,3,10,15,24,11,6,11,0,29,16,2,1
12002011003P0,45,6,0,32,0,56.0625,26,6,49,13,27,22,11,1,1,14,0,20,6,1,28
25003011033P9,9,4,0,32,0,48.375,24,8,10,11,25,33,21,6,6,21,0,0,6,1,1
40033015001P8,16,3,3,32,0,49.25714285714286,27,8,2,5,5,1,3,1,5,0,0,40,0,29,6
40001016012P1,44,5,0,32,0,58.90625,19,13,18,19,22,29,38,12,8,7,8,13,10,8,14
31021018021P9,8,3,17,32,1,54.5,31,19,8,2,5,4,5,3,5,2,0,16,0,1,1
40004015026P1,15,4,0,31,0,57.064516129032256,31,0,13,7,13,21,32,8,1,11,0,12,15,3,6
32002017011P9,59,6,0,31,0,55.903225806451616,31,0,34,9,20,38,15,5,1,4,0,26,33,9,8
52001016062P2,9,4,0,31,0,50.903225806451616,31,0,9,18,25,18,26,4,2,9,0,0,12,34,6
40001016007P8,42,5,0,31,0,52.58064516129032,31,0,9,14,24,15,10,7,11,6,0,5,11,2,3
12001015002P7,34,4,0,31,0,48.87096774193548,31,0,3,7,7,5,15,1,1,18,1,12,5,10,11
51001012029P2,10,3,0,31,0,48.58064516129032,30,1,12,9,22,18,9,1,0,11,1,15,0,1,10
33004064021P7,39,4,0,31,0,58.322580645161288,30,1,17,12,36,31,7,3,29,2,1,18,23,1,33
31033016002P9,27,4,0,31,0,52.774193548387096,30,1,9,6,17,7,8,6,6,9,0,10,15,7,9
31002013001P0,55,4,0,31,0,51.387096774193552,30,1,5,9,15,8,14,4,0,6,0,7,3,2,1
50001019014P2,15,4,0,31,0,46.612903225806448,29,2,10,10,13,20,11,4,0,4,1,15,9,1,5
40006018002P8,26,5,0,31,0,56.225806451612904,29,2,2,1,14,16,9,14,4,9,0,27,10,1,9
42004012016P1,14,4,0,31,0,48.096774193548384,29,2,1,27,19,11,13,0,4,6,2,16,7,14,1
31001017110P8,24,4,0,31,0,56.41935483870968,29,2,6,12,2,3,5,1,9,5,4,20,7,3,2
28001010064P0,13,4,0,31,0,59.70967741935484,29,2,3,6,7,7,9,13,2,3,0,0,17,6,135
15024016001P1,8,3,0,31,1,52.46875,29,3,17,23,22,7,6,3,7,5,0,12,0,2,5
33002010165P9,27,5,0,31,0,56.548387096774192,28,3,12,13,11,18,8,1,1,5,0,13,13,1,24
33004064086P1,8,5,0,31,0,56.838709677419352,27,4,4,25,17,12,4,13,6,3,0,22,13,1,4
33045011001P2,11,5,0,31,0,56.838709677419352,26,5,5,17,22,9,2,4,2,2,0,5,6,6,1
28048016001P7,8,3,1,31,0,51.59375,10,22,3,7,17,0,0,5,14,0,0,18,0,5,3
33002010018P6,51,6,0,30,0,57.333333333333336,30,0,15,16,21,35,15,2,3,10,0,19,17,4,14
31001017011P0,53,5,0,30,0,58.833333333333336,30,0,9,9,28,10,0,5,2,0,0,20,12,1,60
42005019029P2,18,6,0,30,0,52.866666666666667,30,0,14,13,31,9,4,7,2,2,0,22,10,11,6
32010010013P4,7,3,0,30,0,45.133333333333333,30,0,1,5,2,1,3,22,1,5,0,18,0,1,5
32005016014P7,16,5,0,30,0,54.666666666666664,30,0,8,3,8,25,20,4,4,12,0,21,19,6,81
25003011031P6,10,4,0,30,0,53.56666666666667,30,0,5,38,42,11,13,14,11,0,0,13,5,10,1
32001010019P3,48,6,0,30,0,51.8,30,0,5,19,29,12,7,12,0,1,0,15,7,3,11
26001012003P2,29,4,0,30,0,48.8,30,0,5,10,14,8,6,2,2,17,0,21,13,21,1
51001012005P6,25,5,0,30,0,49,30,0,23,17,23,30,16,1,12,19,4,8,13,7,25
32069014001P9,19,4,0,30,0,59.43333333333333,29,1,21,8,10,12,4,3,4,1,0,24,7,3,1
25001019019P3,43,5,0,30,0,55.333333333333336,29,1,10,12,7,7,1,0,1,0,2,26,9,11,1
33002010204P4,13,4,0,30,0,55.8,29,1,14,30,34,22,13,8,1,3,0,16,7,1,9
32004010001P0,46,5,0,30,0,57.5,29,1,4,23,46,19,11,4,4,0,13,33,23,1,12
15010015002P0,12,3,0,30,0,50.633333333333333,29,1,21,10,21,7,2,0,5,7,0,20,0,1,4
40001016033P9,25,4,0,30,0,56.966666666666669,29,1,20,28,22,4,2,2,3,0,0,16,11,33,1
32001010017P0,50,6,0,29,0,59.137931034482762,29,0,27,20,12,16,6,2,4,0,0,35,14,10,1
30001013005P7,29,4,0,29,0,55.793103448275865,28,1,10,21,16,8,5,2,3,4,0,7,12,6,1
33009015091P0,6,3,0,29,0,49.275862068965516,28,1,2,5,8,12,7,6,1,7,0,17,0,2,2
25001019073P8,13,4,0,29,0,53.172413793103445,28,1,7,24,26,24,15,6,5,14,0,18,22,67,4
32007019007P3,25,4,0,29,0,58.551724137931032,28,1,24,7,10,6,0,2,1,2,0,21,6,4,11
21001014003P9,22,4,0,29,0,47.586206896551722,28,1,1,8,5,5,3,9,21,28,0,16,0,17,7
33002010053P6,53,6,0,29,0,58.172413793103445,27,2,30,15,9,8,2,1,3,0,0,30,15,5,2
22005013001P4,14,4,0,29,0,51.896551724137929,27,2,6,5,18,32,16,10,4,29,0,16,0,1,7
24001015040P0,19,4,0,29,0,52.862068965517238,27,2,7,1,6,4,1,1,5,5,0,18,0,2,1
12002011012P9,11,3,3,29,1,59.636363636363633,30,3,19,7,14,2,2,1,12,1,0,11,0,1,16
33004161001P7,6,4,0,29,0,49.586206896551722,26,3,11,5,23,11,14,1,1,6,0,14,0,4,3
25001019053P7,20,5,0,29,0,57.310344827586206,24,5,23,39,19,8,3,5,0,0,0,17,3,19,1
33002010079P5,49,7,0,29,0,55.413793103448278,23,6,35,35,32,12,4,1,1,11,0,10,8,1,35
15010015004P3,8,3,0,29,0,47.413793103448278,21,8,4,7,23,4,9,4,10,12,0,15,0,2,4
33003017091P1,10,4,0,29,0,49.586206896551722,16,13,32,55,41,30,18,3,2,6,0,8,7,13,7
32005016005P8,23,4,0,28,0,47.535714285714285,28,0,16,4,8,7,0,0,2,1,0,23,7,7,6
40002012009P7,29,6,0,28,0,55.642857142857146,28,0,7,27,49,3,7,7,5,0,0,27,19,6,38
31001017031P0,54,6,0,28,0,58.857142857142854,28,0,35,15,7,7,3,4,2,0,0,30,8,8,5
33002010123P4,38,6,0,28,0,51.75,28,0,19,73,86,5,12,7,13,0,0,13,16,2,5
42002010003P8,47,6,0,28,0,49.285714285714285,28,0,14,7,10,5,0,0,2,4,0,32,25,12,2
33002010004P5,48,7,0,28,0,64.357142857142861,28,0,43,30,8,3,2,1,0,1,0,4,9,1,8
40004015001P9,34,5,0,28,0,57.785714285714285,28,0,5,13,22,6,13,11,10,13,0,18,12,3,5
52001016014P8,26,5,0,28,0,50.142857142857146,27,1,4,33,21,2,10,13,13,0,0,29,10,7,16
22001018047P9,16,6,0,28,0,54.642857142857146,27,1,27,16,56,24,13,2,0,7,0,11,13,1,8
31001017059P2,61,5,0,28,0,56.178571428571431,27,1,10,15,5,18,4,4,2,0,7,10,7,1,4
23001011040P7,16,4,0,28,0,49.285714285714285,27,1,4,11,33,18,9,2,1,9,0,17,0,16,1
20001010014P8,16,3,0,28,0,53.178571428571431,26,2,5,6,18,18,29,14,10,11,0,17,0,15,89
14001012004P5,11,3,0,28,0,47.785714285714285,26,2,3,4,9,7,8,1,0,2,0,13,0,1,1
33067015003P1,18,3,0,28,0,48.071428571428569,26,2,11,11,6,19,13,25,4,0,0,9,8,1,6
10001018004P4,22,4,0,28,0,53,25,3,3,4,8,4,9,6,2,2,0,11,5,1,5
33003025002P4,10,4,0,28,0,45.607142857142854,25,3,20,8,14,3,2,1,1,0,0,13,6,5,13
33004030077P0,26,5,0,28,0,54.821428571428569,25,3,24,11,17,12,5,4,3,16,1,17,9,20,26
33001014024P0,13,4,0,28,0,58.25,23,5,0,0,2,2,1,0,2,0,0,12,0,2,4
28001010011P4,48,6,0,28,0,51.285714285714285,15,13,18,27,38,11,8,4,1,0,0,10,10,5,2
33009015002P7,51,6,0,27,0,56.851851851851855,27,0,7,18,27,8,3,0,1,2,0,7,15,1,11
40002012018P6,21,4,0,27,0,50.629629629629626,27,0,5,24,10,14,7,2,5,7,0,17,0,5,1
32006012016P6,20,5,0,27,0,48.629629629629626,27,0,12,20,7,5,7,9,1,0,0,20,6,3,2
32002017015P4,38,5,0,27,0,55.407407407407405,27,0,21,13,45,6,1,0,13,0,0,26,13,9,10
28006011012P9,10,3,0,27,0,50.592592592592595,27,0,3,6,11,2,8,4,3,0,0,17,0,2,1
31005012011P5,58,6,0,27,0,59.037037037037038,27,0,29,6,12,10,1,0,2,3,2,31,19,5,15
40001016042P8,21,4,0,27,0,53.037037037037038,26,1,5,11,13,17,14,3,4,9,0,24,17,38,2
32006012015P0,21,5,0,27,0,50.592592592592595,26,1,9,10,47,8,1,4,8,0,3,21,10,4,18
20001010012P5,16,3,0,27,0,48.629629629629626,26,1,2,5,11,9,11,0,1,27,0,11,0,7,2
31003010064P2,12,4,0,27,0,52.185185185185183,26,1,14,8,16,5,2,3,0,1,0,13,5,2,1
31010016023P3,11,4,0,27,0,55.555555555555557,25,2,3,1,12,5,4,3,6,10,0,21,0,9,6
32018010008P8,11,4,0,27,0,48.037037037037038,25,2,2,9,23,14,17,5,4,5,1,10,0,7,4
32002017022P0,25,6,0,27,0,53.407407407407405,25,2,1,30,24,4,2,10,10,0,0,16,15,5,11
15001016032P1,20,6,0,27,0,54.74074074074074,25,2,7,13,36,18,21,10,6,24,0,15,9,3,3
33002010081P0,43,4,0,27,0,57.7037037037037,24,3,3,17,15,20,8,0,2,3,0,19,16,6,17
31001017015P5,47,5,0,27,0,57.333333333333336,24,3,16,22,27,9,4,2,4,3,0,11,9,9,6
15001016086P4,6,3,0,27,0,45.370370370370374,23,4,6,9,12,24,7,3,1,12,1,14,0,3,3
33144010016P4,9,3,0,27,0,46.111111111111114,23,4,7,7,14,8,12,2,1,1,0,13,0,4,1
25004018009P7,16,4,0,27,0,53.518518518518519,22,5,6,5,11,17,4,7,2,6,0,18,1,1,1
33002010141P2,33,5,0,27,0,53.888888888888886,22,5,12,13,5,3,0,3,2,0,0,10,2,8,2
28001010085P8,10,3,0,27,0,56.185185185185183,11,16,0,0,4,2,4,3,0,0,0,18,0,2,11
42002010013P3,36,4,0,26,0,51.46153846153846,26,0,24,6,20,7,9,7,3,8,4,16,13,11,25
33002029026P4,31,7,0,26,0,54.96153846153846,26,0,28,27,53,26,10,4,6,5,0,8,12,1,2
42003016020P2,19,6,0,26,0,50.115384615384613,26,0,9,21,32,19,14,12,10,12,0,12,6,85,2
32011016003P1,16,4,0,26,0,48.53846153846154,26,0,4,11,18,13,4,2,2,6,0,9,3,6,2
32007019022P2,11,3,0,26,0,48.769230769230766,26,0,10,11,17,10,8,4,8,0,1,10,0,2,85
33002010026P9,45,7,0,26,0,55.42307692307692,26,0,21,17,36,14,9,7,5,4,0,7,20,4,9
21001014004P5,19,3,0,26,0,53.230769230769234,26,0,2,2,32,7,6,15,2,20,0,16,0,4,13
31010016021P0,13,4,0,26,0,48.42307692307692,26,0,39,27,18,4,2,1,0,3,1,6,7,4,3
42002010015P6,31,5,0,26,0,57.730769230769234,26,0,8,7,49,6,15,8,22,2,0,23,10,9,7
33009015071P9,11,4,1,26,0,49.555555555555557,27,0,4,8,21,13,3,3,0,3,0,10,3,5,7
42002010010P4,47,4,0,26,0,55.42307692307692,26,0,4,3,8,17,10,3,0,1,1,17,13,1,1
25001019075P0,12,3,0,26,0,49.653846153846153,26,0,6,7,11,11,7,2,0,12,0,16,0,27,2
33001014028P5,13,4,0,26,0,50,25,1,10,13,18,12,2,5,3,3,0,17,0,1,2
33002010149P3,32,5,0,26,0,63.42307692307692,24,2,12,6,7,4,0,1,3,0,0,11,8,4,50
31010016022P7,12,5,0,26,0,60.53846153846154,24,2,9,7,19,10,4,5,4,2,0,11,7,1,98
31003010091P0,8,3,0,26,0,50.769230769230766,24,2,2,3,9,1,3,4,5,4,0,11,0,1,10
31068014001P0,14,4,0,26,0,53.846153846153847,23,3,3,0,1,5,10,0,1,1,0,16,0,2,5
31003010029P2,30,4,2,26,0,56.892857142857146,25,3,7,15,23,15,3,4,3,4,0,23,11,1,7
25001019028P2,50,6,0,26,0,56.53846153846154,23,3,16,23,22,24,3,1,7,2,0,19,6,12,6
40001016049P2,21,4,0,26,0,50.653846153846153,22,4,8,0,5,7,4,7,9,6,2,28,0,3,3
33001014006P1,39,7,0,26,0,55.730769230769234,22,4,41,9,7,6,1,1,4,0,0,24,16,17,3
41001010051P3,19,5,0,26,0,59.384615384615387,21,5,6,10,8,5,13,28,44,20,14,18,28,3,7
52012018005P7,8,4,0,26,0,45.5,21,5,7,10,23,3,3,2,3,1,1,12,0,4,4
33056013015P1,12,3,0,26,0,48.03846153846154,20,6,8,1,14,5,2,3,3,2,0,8,3,8,5
28008014002P6,21,4,0,26,0,54.692307692307693,16,10,4,5,7,24,12,4,3,36,1,20,6,6,34
10001018017P9,8,3,0,26,0,44.346153846153847,15,11,2,2,12,1,1,3,7,0,0,18,0,4,10
25001019026P0,48,4,0,25,0,59.56,25,0,0,2,9,2,9,13,3,3,2,18,4,1,4
32001010040P2,32,5,0,25,0,52.52,25,0,27,21,20,7,3,9,6,0,0,18,14,2,3
32018010007P1,12,3,0,25,0,46.56,25,0,2,2,4,4,0,0,5,2,1,41,0,3,3
42004012008P9,21,4,0,25,0,46.56,25,0,5,11,19,11,8,3,4,0,0,12,5,2,3
31001017154P5,8,3,0,25,0,50.28,25,0,0,0,1,2,0,0,0,0,0,4,0,4,31
32006012001P9,36,5,0,25,0,60.48,25,0,11,7,7,17,1,1,8,5,2,15,15,2,7
42003016008P2,44,5,0,25,0,52.8,25,0,17,30,32,4,7,5,21,0,0,22,12,14,5
33009015034P6,33,4,0,25,0,58.52,25,0,10,9,27,11,9,0,0,1,1,8,10,4,8
32001010029P9,52,4,0,25,0,55.4,25,0,8,9,15,14,6,3,1,4,8,26,20,2,32
42003016035P0,11,3,0,25,0,48.2,25,0,17,21,9,17,6,7,8,5,0,17,0,7,2
31010016028P5,10,4,0,25,0,60.6,24,1,4,23,32,13,20,4,0,12,0,5,8,3,17
12002011009P8,18,4,0,25,0,56.4,24,1,2,9,11,26,15,9,8,2,0,13,8,1,24
42001013096P6,14,4,0,25,0,56.12,24,1,2,7,9,0,5,1,7,2,0,9,10,8,10
25001019016P4,45,5,0,25,0,56.44,24,1,4,8,14,15,7,23,2,2,0,18,14,1,11
51001012030P0,10,3,0,25,0,49.68,24,1,7,5,13,10,6,2,0,10,0,15,0,11,2
21001014011P1,17,4,0,25,0,55.04,24,1,5,6,23,13,14,22,1,2,0,14,0,1,4
32001010055P0,25,5,0,25,0,54.88,24,1,9,18,29,24,6,1,1,2,0,10,5,11,2
33004030078P6,24,5,0,25,0,54.92,24,1,8,25,26,24,12,5,2,16,0,17,13,24,7
25001019039P4,30,3,0,25,0,57.52,23,2,0,3,12,16,6,4,5,8,0,15,0,1,6
28001010080P6,11,4,0,25,0,55.36,23,2,7,8,16,10,3,11,2,4,0,15,0,43,3
31002013002P7,49,6,0,25,0,56.88,23,2,19,15,46,5,2,1,8,0,0,9,9,1,22
33009015032P3,37,6,0,25,0,53.56,23,2,40,18,36,4,15,8,2,16,1,13,8,1,35
33144010015P8,9,3,0,25,0,47.48,23,2,0,1,8,2,0,0,0,0,0,6,0,2,8
42001013105P5,7,4,0,25,0,50.48,23,2,13,18,29,31,4,10,7,11,0,7,1,18,6
33002029044P2,9,3,0,25,0,51.28,23,2,27,15,33,36,20,22,3,8,18,7,2,13,33
53001010015P0,45,4,0,25,0,53.24,22,3,8,15,14,17,21,5,4,0,2,11,5,3,4
31001017032P7,54,5,1,25,0,62.769230769230766,23,3,6,13,6,0,3,6,0,0,0,27,13,4,17
32001010044P8,29,3,0,25,0,55.68,22,3,12,13,18,11,0,0,16,0,0,16,5,10,6
33083010004P6,20,3,0,25,0,57.28,21,4,2,0,2,2,1,0,3,0,3,16,0,9,23
28022017001P5,42,5,0,25,0,52.56,21,4,5,11,24,2,0,9,3,0,0,11,13,3,1
15010015003P7,8,4,0,25,0,58.36,21,4,16,3,6,6,1,1,1,4,2,0,9,1,3
22001018019P5,30,4,0,25,0,54.8,20,5,4,3,12,9,14,4,5,2,0,12,0,4,18
33004064038P7,33,5,0,25,0,56.48,20,5,3,5,22,7,9,2,17,1,0,13,6,1,21
40005011170P1,5,3,0,25,0,46.36,20,5,10,11,23,11,9,5,4,6,0,1,0,5,1
12002011006P9,41,5,0,25,0,58.2,19,6,36,9,12,0,3,0,3,0,0,18,13,2,18
33004080051P4,31,4,0,25,0,49.44,19,6,3,22,7,7,4,2,0,5,0,4,7,1,4
28002016002P8,21,5,0,25,0,50.8,16,9,12,5,12,78,17,3,3,28,0,9,13,6,2
33087016001P2,10,3,3,25,0,53.107142857142854,18,10,4,6,3,3,0,3,23,3,10,21,0,3,7
31004016055P6,12,4,0,25,0,56.04,15,10,6,8,10,23,9,1,2,6,1,7,4,2,2
42002010008P0,49,4,0,24,0,52.583333333333336,24,0,6,7,43,11,3,1,26,3,1,16,12,1,8
50001019029P0,11,3,0,24,0,45.416666666666664,24,0,10,13,12,11,4,2,0,3,0,18,0,3,1
32001010096P8,7,4,0,24,0,54.416666666666664,24,0,11,16,16,11,6,4,1,0,0,8,0,1,2
42005019016P8,27,5,0,24,0,51.333333333333336,24,0,13,11,9,4,0,0,1,2,1,25,19,6,6
33001014013P8,29,4,0,24,0,53.916666666666664,24,0,5,9,15,7,32,16,13,8,2,17,35,4,9
33004137003P3,45,4,0,24,0,56.541666666666664,24,0,15,12,33,23,8,0,0,4,0,10,8,2,16
22001018014P3,45,5,0,24,0,52.166666666666664,24,0,6,1,29,7,3,3,9,0,0,25,11,15,10
42003016022P5,17,4,0,24,0,51.333333333333336,24,0,0,1,12,13,15,5,28,22,0,8,5,22,3
33003017043P7,34,6,1,24,0,61.96,25,0,7,2,14,13,2,0,1,3,0,10,15,1,20
28001010089P3,9,3,0,24,0,44.291666666666664,24,0,0,0,8,2,4,2,5,5,0,13,0,7,1
22001018012P0,48,4,0,24,0,52.125,24,0,5,13,21,1,0,3,2,0,0,19,6,5,9
27001016025P9,12,3,0,24,0,55.166666666666664,23,1,1,6,10,7,20,2,3,0,0,40,0,1,2
14001012005P1,8,3,0,24,0,44.291666666666664,23,1,1,5,8,10,7,4,1,21,0,9,0,9,2
31021018002P4,34,4,0,24,0,57.875,23,1,1,1,8,16,15,34,2,1,0,22,16,1,69
31001017016P1,45,6,0,24,0,53.5,23,1,15,20,24,21,7,5,5,9,0,5,11,1,1
40001016044P0,18,5,0,24,0,52.166666666666664,23,1,4,9,23,8,16,8,3,3,0,12,6,10,3
33002010024P6,49,5,0,24,0,55.666666666666664,23,1,9,9,21,2,8,0,0,2,0,8,11,1,3
15001016028P4,22,4,0,24,0,49.666666666666664,23,1,5,10,23,31,8,6,2,4,0,16,6,1,13
31004016021P4,26,5,0,24,0,54.541666666666664,23,1,5,18,17,11,8,4,0,0,0,8,8,3,1
42041015001P2,16,5,0,24,0,51.458333333333336,22,2,11,9,23,21,12,21,16,1,0,14,6,7,50
33002010225P1,9,4,0,24,0,61.583333333333336,22,2,0,0,1,1,0,0,0,0,0,6,0,18,3
33002010202P1,14,4,0,24,0,62.375,22,2,50,7,20,26,2,3,0,5,0,0,13,2,29
15006018003P3,11,3,0,24,0,56.25,22,2,0,5,2,9,5,4,1,0,0,7,0,1,1
31068014002P6,8,4,0,24,0,53.75,21,3,3,0,1,5,9,0,1,1,0,0,5,1,4
33002010182P0,23,4,0,24,0,55.75,21,3,2,10,42,8,1,18,6,3,0,9,11,1,9
33002010241P7,7,3,0,24,0,50.375,21,3,21,17,23,12,1,19,10,1,0,11,0,3,7
28001010038P0,24,4,0,24,0,53.208333333333336,21,3,12,7,17,6,2,0,3,1,3,13,0,1,4
33004153074P9,15,5,0,24,0,53.291666666666664,20,4,7,8,31,14,8,3,1,4,0,9,9,11,16
33001014042P8,9,3,0,24,0,47.541666666666664,20,4,10,11,13,7,9,6,3,8,0,11,0,4,24
30001013002P8,32,4,0,24,0,51.5,20,4,6,21,26,14,2,1,2,2,0,16,12,1,3
22001018061P1,13,3,0,24,1,55.04,21,4,1,6,5,28,19,5,6,2,0,7,0,3,4
32001010091P6,9,4,0,24,0,52.541666666666664,19,5,2,5,12,13,19,4,11,5,0,19,4,1,6
50002015001P4,15,4,0,24,0,53.25,16,8,10,14,22,2,2,8,9,4,0,19,0,1,3
33009015033P0,35,7,0,24,0,58.333333333333336,11,13,14,34,47,14,12,18,2,5,0,13,16,1,5
33004064089P0,6,3,1,24,0,53.52,9,16,4,8,11,4,7,10,6,1,1,6,0,2,13
23001011170P8,5,5,0,24,0,51,3,21,14,13,19,8,9,2,3,2,0,1,0,3,2
31004016008P8,39,5,0,23,0,60,23,0,9,11,4,3,5,5,1,0,0,2,7,1,6
15001016068P6,10,4,0,23,0,47.347826086956523,23,0,10,7,23,13,7,12,1,6,0,10,6,5,3
30001013021P2,15,4,0,23,0,48.130434782608695,23,0,4,13,14,15,9,2,2,5,0,13,1,10,1
53001010031P6,33,5,0,23,0,54.782608695652172,23,0,11,19,20,10,10,4,3,6,0,11,7,7,9
32003013001P0,53,5,0,23,0,55.739130434782609,23,0,14,6,8,10,1,1,2,1,0,37,14,1,2
32006012037P3,7,3,1,23,0,46.708333333333336,24,0,4,2,18,1,7,0,1,0,0,18,0,1,4
32002017007P1,44,6,0,23,0,59.565217391304351,23,0,15,14,24,1,0,4,9,1,0,18,17,3,12
22001018064P0,13,4,0,23,0,50.913043478260867,23,0,16,23,21,1,3,7,2,2,0,5,0,8,5
24009016007P3,34,5,0,23,0,61.043478260869563,23,0,0,7,56,21,7,12,18,6,13,24,19,12,2
40004015008P3,26,6,0,23,0,58.521739130434781,23,0,14,18,41,13,4,2,6,1,0,25,15,1,18
33002045007P0,51,7,0,23,0,57.391304347826086,23,0,17,7,12,9,0,15,1,0,4,21,8,2,11
40005011006P7,18,5,0,23,0,53.782608695652172,23,0,7,4,27,6,4,9,6,1,0,11,4,2,16
52001016056P2,9,4,0,23,0,46.130434782608695,23,0,7,14,16,6,3,5,0,10,0,14,7,2,4
32002017004P2,45,6,0,23,0,56.173913043478258,23,0,38,45,46,13,4,0,1,1,0,15,18,1,1
33004102070P6,25,5,1,23,0,60.291666666666664,24,0,12,19,39,15,1,1,5,0,0,15,8,3,19
33004030081P7,24,6,0,23,0,50.739130434782609,23,0,17,26,34,17,7,1,2,2,0,12,7,14,5
42015014010P1,6,4,0,23,0,47.739130434782609,22,1,7,12,15,15,6,3,0,0,0,5,0,5,4
32004010002P6,45,7,0,23,0,51.043478260869563,22,1,17,33,26,7,7,1,8,0,0,13,13,8,6
41001010033P5,27,5,0,23,0,56.652173913043477,22,1,28,3,16,7,0,2,9,3,1,20,9,2,2
42001013048P1,32,4,0,23,0,53.391304347826086,22,1,10,16,21,7,0,5,7,1,0,24,4,2,8
31069010001P6,12,3,1,23,0,52.083333333333336,23,1,14,7,19,0,6,3,1,2,21,19,0,5,8
33002029022P9,35,5,0,23,0,53.608695652173914,22,1,15,10,13,12,4,3,1,1,1,12,9,2,12
40001016031P6,27,5,0,23,0,57.913043478260867,22,1,8,12,40,6,3,3,7,0,2,14,25,9,9
32020015005P0,13,3,0,23,0,53.521739130434781,21,2,4,0,1,0,2,0,3,1,1,15,0,3,6
25003011010P9,24,5,0,23,0,53.217391304347828,21,2,15,12,16,8,0,9,15,0,0,5,5,1,2
33002010057P1,43,6,0,23,0,54.652173913043477,21,2,46,29,30,5,7,4,5,0,0,14,7,2,6
40001016043P4,19,4,0,23,0,50,21,2,8,3,9,6,3,0,1,1,1,30,0,1,1
51005018009P7,11,4,0,23,0,46.782608695652172,20,3,5,12,13,3,9,5,3,0,3,14,4,6,3
33004145070P8,29,5,0,23,0,53.739130434782609,20,3,19,14,10,12,6,11,1,0,0,24,9,3,6
42003016018P8,22,5,0,23,0,49.565217391304351,20,3,8,11,36,7,2,3,9,2,2,15,5,6,26
40003019006P4,22,5,0,23,0,55.086956521739133,19,4,34,13,30,2,5,3,7,9,3,29,12,3,127
33002010220P0,10,3,0,23,0,55.608695652173914,19,4,1,0,2,3,3,3,2,0,0,37,0,9,49
31001017013P2,58,6,0,23,0,50.869565217391305,19,4,20,32,14,6,3,1,1,2,1,11,4,24,1
41002016018P9,12,3,0,23,0,49.608695652173914,18,5,4,2,8,8,1,0,0,3,1,6,2,3,2
53001010038P0,28,4,0,23,0,53.565217391304351,17,6,10,4,13,21,9,2,3,7,0,12,7,13,1
42015014008P7,10,3,0,23,0,48.608695652173914,17,6,23,13,15,14,12,1,3,0,0,33,0,1,9
40004015042P7,8,3-4,0,23,0,58.739130434782609,17,6,8,1,15,18,6,15,7,7,0,9,0,3,4
28024010001P1,14,3,3,23,0,48.384615384615387,18,8,0,0,0,0,3,0,0,0,0,21,0,2,1
25003011001P0,48,4,0,23,0,51.608695652173914,15,8,8,12,12,13,11,1,4,8,0,12,8,2,3
51002019006P9,9,4,0,23,0,54.739130434782609,14,9,8,12,35,2,2,11,4,3,1,9,9,3,4
33002010060P2,48,5,0,23,0,61.260869565217391,11,12,6,17,16,14,7,2,1,5,0,5,9,1,6
32010010009P7,10,3,0,22,0,47.272727272727273,22,0,2,2,6,6,3,5,0,3,0,9,0,5,1
40006018013P0,11,3,0,22,0,49.954545454545453,22,0,17,13,12,3,1,3,4,1,0,15,0,3,6
51005018006P8,12,4,0,22,0,47.31818181818182,22,0,12,10,10,19,4,17,1,2,0,11,5,4,3
31002013010P0,32,5,0,22,0,61.409090909090907,22,0,6,4,18,1,0,0,7,0,0,14,8,1,8
41001010087P8,7,3,0,22,0,52.31818181818182,22,0,0,0,8,5,3,3,5,4,0,18,0,1,2
31004016035P5,19,5,0,22,0,59.31818181818182,22,0,4,4,10,7,7,13,9,1,0,15,13,1,43
32003013005P5,20,4,0,22,0,51.909090909090907,22,0,11,3,4,4,3,2,1,2,0,10,7,25,14
40006018014P6,10,3,0,22,0,46.18181818181818,22,0,1,1,3,25,8,0,0,1,0,17,0,1,7
53001010099P0,9,4,0,22,1,57,23,0,16,9,18,18,6,0,0,3,0,6,2,1,6
53001010036P8,29,4,0,22,0,55.81818181818182,22,0,4,1,0,2,4,1,23,2,3,29,6,3,3
25001019057P2,18,4,0,22,0,55.81818181818182,22,0,0,3,5,0,0,1,3,0,0,28,13,1,3
31001017036P2,58,7,0,22,0,56.772727272727273,22,0,53,14,25,1,0,3,0,0,1,27,18,27,6
15001016049P1,15,3,0,22,0,53.545454545454547,22,0,6,10,5,14,14,4,3,10,0,16,0,9,6
26001012026P2,12,3,0,22,0,49.5,22,0,1,0,3,11,9,1,0,1,0,15,0,1,1
32018010001P3,20,4,0,22,0,51.090909090909093,22,0,16,11,16,11,4,5,4,0,0,12,5,6,1
32004010005P5,45,5,0,22,0,54.5,22,0,22,19,16,3,3,1,2,3,0,17,15,1,2
33002010238P6,8,4,0,22,0,50.363636363636367,22,0,10,26,21,3,2,2,0,0,0,7,6,3,6
32018010011P9,10,4,0,22,0,47.18181818181818,22,0,0,10,12,11,7,5,4,5,0,9,0,16,9
28001010053P9,15,4,0,22,0,59.81818181818182,22,0,24,21,15,10,8,1,3,1,0,0,10,20,5
40014010003P3,14,4,0,22,0,50.727272727272727,22,0,0,9,17,0,1,9,7,0,0,21,4,1,14
40002012026P9,19,5,0,22,0,52.31818181818182,22,0,11,15,34,11,4,2,4,2,0,14,8,1,3
33004021075P8,17,4,0,22,0,56.636363636363633,22,0,2,22,20,5,4,4,6,0,0,17,5,1,14
24009016004P4,42,4,0,22,0,51.954545454545453,22,0,2,1,1,6,1,2,1,0,0,22,15,5,2
22001018080P6,8,4,0,22,0,48.909090909090907,22,0,10,9,15,6,2,3,1,1,0,8,5,5,2
42005019025P7,20,5,0,22,0,53.727272727272727,22,0,11,7,10,2,4,2,1,4,0,20,13,14,4
33004153068P9,28,4,0,22,0,59.136363636363633,21,1,25,7,6,0,0,1,1,0,0,10,7,9,2
32001010061P0,21,5,0,22,0,54.772727272727273,21,1,25,11,21,38,17,1,1,4,0,11,10,1,2
33002088003P7,27,5,0,22,0,55.68181818181818,21,1,8,4,10,11,2,1,1,2,0,12,14,11,1
32007019014P0,14,4,0,22,0,51.863636363636367,21,1,5,8,7,3,3,1,0,1,0,15,7,7,1
40004015018P9,22,5,0,22,0,59.590909090909093,21,1,11,22,15,22,16,4,2,12,1,17,10,4,4
21001014022P3,11,3,0,22,0,48.81818181818182,20,2,4,11,9,18,22,8,6,26,1,7,0,12,2
22001018023P2,28,5,0,22,0,63.31818181818182,20,2,2,4,7,5,9,2,8,3,0,8,3,3,7
28001010047P9,16,4,0,22,0,55.136363636363633,20,2,3,5,7,6,2,5,5,1,0,13,0,2,1
40002012019P2,20,4,0,22,0,53.863636363636367,20,2,10,3,9,9,9,2,0,4,0,17,7,1,8
28001010067P0,12,3,0,22,0,52.590909090909093,19,3,2,11,19,11,9,1,0,3,0,15,0,4,1
52010015004P8,8,4,0,22,0,43,19,3,0,2,38,34,11,6,9,0,0,18,14,1,5
24001015059P2,11,3,0,22,0,55.954545454545453,19,3,2,2,8,6,16,24,2,3,0,37,0,1,7
15001016080P6,7,3,0,22,0,57.5,18,4,0,2,2,7,2,3,12,2,0,13,0,1,1
32002017032P6,15,4,0,22,0,52.727272727272727,18,4,17,6,9,16,2,2,1,3,0,2,0,2,5
41001010049P9,19,4,0,22,0,50.545454545454547,18,4,14,9,14,17,6,3,2,1,1,17,6,1,1
28008014004P9,9,3,0,22,0,53.954545454545453,17,5,4,3,5,15,15,10,0,23,0,17,0,7,40
28001010005P4,45,3,2,22,0,60.458333333333336,19,5,1,3,8,5,1,1,0,2,0,18,15,4,2
33002045016P0,32,5,0,22,0,53.81818181818182,16,6,10,1,6,1,5,2,6,4,0,9,10,1,12
12008010003P1,18,3,0,22,0,54.636363636363633,12,10,4,4,18,8,1,7,3,5,1,12,0,4,17
31069010002P2,8,4,0,22,0,50.090909090909093,11,11,15,11,32,9,2,13,2,1,0,9,6,2,30
33087016002P9,10,3,1,22,0,53.086956521739133,9,14,9,12,15,6,4,1,2,27,0,20,0,2,2
32005016008P7,22,4,0,21,0,54.571428571428569,21,0,3,13,13,13,3,1,1,2,0,8,7,2,5
42001013007P3,52,5,0,21,1,59.31818181818182,22,0,7,10,17,17,5,1,0,3,0,10,9,1,4
23001011043P6,14,4,0,21,0,49.571428571428569,21,0,13,4,11,6,0,1,0,2,0,19,6,1,1
40001016023P3,35,4,0,21,1,50.727272727272727,22,0,1,12,34,9,4,30,10,0,0,28,7,5,28
33004153077P8,12,4,0,21,0,50.571428571428569,21,0,6,18,11,13,5,1,3,1,0,17,0,4,1
24009016010P4,22,3,0,21,0,60.714285714285715,21,0,9,2,3,25,1,9,8,0,0,0,15,2,1
26001012030P0,10,3,0,21,0,51.952380952380949,21,0,2,6,11,29,4,2,1,8,1,13,0,7,12
32004010028P5,9,3,0,21,0,47.666666666666664,21,0,8,13,35,22,17,4,9,2,0,7,0,4,5
22001018006P0,50,4,0,21,0,56.523809523809526,21,0,0,11,26,6,5,3,4,1,0,8,8,7,2
23001011035P3,17,3,0,21,0,52.095238095238095,21,0,2,6,16,11,13,16,9,7,0,17,0,10,1
40014010010P0,8,3,0,21,0,47.523809523809526,21,0,1,2,7,16,26,31,2,6,0,5,0,1,4
31005012012P1,57,7,0,21,0,59.142857142857146,21,0,18,20,10,0,5,0,0,3,1,39,12,5,1
42019010013P0,9,4,0,21,0,53.238095238095241,21,0,1,3,17,10,6,6,5,14,0,28,16,1,1
22003010001P1,31,6,0,21,0,59,21,0,3,47,29,4,10,10,15,0,0,24,14,16,1
31003010019P7,49,4,0,21,0,53.952380952380949,21,0,6,1,8,2,5,12,10,6,8,15,4,1,7
31009018003P8,22,4,0,21,0,56.476190476190474,21,0,9,9,11,5,0,0,0,5,6,5,0,5,3
26001012002P6,29,5,0,21,0,49.142857142857146,21,0,2,18,32,14,1,2,0,1,0,9,4,2,2
53001010096P0,9,4,0,21,0,51.571428571428569,21,0,31,22,8,0,1,0,0,0,0,7,7,10,1
23001011050P2,12,3,0,21,0,51.571428571428569,21,0,3,0,9,16,14,4,3,4,0,17,0,1,17
52012018001P1,15,3,0,21,0,47.666666666666664,21,0,1,6,5,6,4,0,3,13,0,15,0,1,5
42005019021P1,21,6,0,21,0,58.952380952380949,21,0,15,12,29,20,2,15,2,0,0,9,21,1,32
51001012018P0,17,3,0,21,0,51.333333333333336,21,0,7,3,6,15,4,4,0,9,5,13,0,7,10
23002018005P3,10,3,0,21,0,51.238095238095241,21,0,5,1,12,2,2,2,3,0,0,14,0,3,1
33051011002P5,28,4,0,21,0,48.333333333333336,20,1,9,3,33,9,4,0,5,1,0,13,10,3,9
51001012022P8,14,3,0,21,0,56.476190476190474,20,1,0,5,6,6,3,1,1,1,0,10,0,1,10
33002010052P0,50,4,1,21,0,57.81818181818182,21,1,6,3,7,12,15,11,10,4,3,18,7,8,11
28002016005P7,15,3,0,21,0,55,20,1,4,10,8,7,10,3,5,1,0,13,0,1,7
25003011005P5,43,5,0,21,0,55.333333333333336,20,1,3,15,17,4,11,19,6,0,0,11,25,3,4
31002013023P4,11,3,1,21,0,57.545454545454547,21,1,3,0,12,0,0,0,7,0,0,23,0,1,6
33144010007P5,11,4,0,21,0,46.571428571428569,20,1,7,11,18,6,5,0,0,10,0,5,6,7,2
52001016033P2,15,3,1,21,0,44.954545454545453,21,1,0,2,17,9,5,3,14,1,0,16,0,1,7
42009014001P6,25,4,0,21,0,57.238095238095241,20,1,3,3,10,0,0,11,10,0,1,11,7,3,16
40006018010P0,11,3,0,21,0,50.333333333333336,19,2,1,4,6,9,3,3,2,0,0,18,0,1,10
16003012005P0,13,3,0,21,0,53,19,2,5,3,7,2,0,9,12,0,1,18,0,3,4
32005016034P8,10,3,0,21,0,47.523809523809526,19,2,4,3,1,0,0,4,1,10,0,12,0,1,3
53001010085P9,10,4,0,21,0,49.428571428571431,19,2,4,9,12,12,16,2,2,11,0,7,3,8,5
22008012004P2,7,3,0,21,0,47.428571428571431,19,2,4,0,2,1,3,5,3,3,0,18,0,2,31
25020013006P6,8,3,0,21,0,42.857142857142854,18,3,5,8,10,5,8,4,1,0,0,8,0,2,2
15001016059P7,13,4,0,21,0,56.19047619047619,18,3,2,2,9,12,11,12,5,3,0,13,0,1,20
25003011020P4,14,4,0,21,0,49.333333333333336,18,3,0,8,6,5,4,1,0,10,0,18,0,23,1
42041015006P4,8,4,0,21,0,55.523809523809526,18,3,2,3,18,15,19,20,3,3,0,16,12,1,124
25003011036P8,8,3,0,21,0,54.571428571428569,18,3,6,3,14,4,1,3,15,5,0,13,0,1,39
32014015004P7,14,5,0,21,0,47.666666666666664,17,4,12,12,36,5,2,6,3,1,0,17,6,2,1
40001016047P0,19,5,0,21,0,53.857142857142854,17,4,11,13,25,19,2,11,6,1,0,28,19,1,6
23001011061P4,9,3,0,21,0,45.142857142857146,17,4,2,3,6,0,2,1,5,0,0,12,0,1,1
51001012024P0,14,4,0,21,0,56.80952380952381,16,5,1,7,13,9,14,11,1,6,0,8,7,1,74
32006012031P5,10,3,0,20,0,48.25,20,0,7,7,13,12,1,1,1,1,0,10,0,2,3
32002017023P7,22,5,0,20,0,52.35,20,0,7,11,16,6,0,0,8,1,0,12,12,29,3
14001012003P9,15,4,0,20,0,48.75,20,0,6,3,18,9,14,3,2,11,0,12,1,1,4
22001018017P2,46,4,0,20,0,56.35,20,0,6,0,5,0,0,1,0,0,0,19,3,28,1
42005019022P8,22,5,0,20,0,52.85,20,0,21,22,6,12,4,6,2,0,0,17,20,3,8
28001010057P4,15,3,0,20,0,51.45,20,0,10,17,5,1,1,7,2,0,0,22,0,11,3
40001016014P4,43,4,0,20,0,46.4,20,0,6,9,20,7,3,1,4,0,1,16,9,2,7
31003010017P4,41,4,0,20,0,56.85,20,0,3,6,15,8,6,13,2,9,0,11,3,4,5
40004015022P6,18,4,0,20,0,54,20,0,7,15,22,31,30,1,1,0,0,22,14,1,3
31002013028P6,9,4,0,20,0,52.35,20,0,4,6,12,3,1,4,0,0,0,5,0,1,3
32012012006P7,10,4,0,20,0,46,20,0,6,1,9,1,5,5,0,1,0,20,0,2,2
42002010004P4,47,3,0,20,0,49.85,20,0,3,3,5,5,5,22,23,20,11,25,0,2,1
33063010002P3,28,4,0,20,0,55.65,20,0,9,9,6,9,6,10,0,0,0,12,0,4,16
28001010084P1,10,3,0,20,0,48.3,20,0,9,4,9,9,4,2,1,15,0,3,0,8,1
24001031024P5,43,4,0,20,0,52.95,20,0,1,4,5,6,5,4,0,2,0,17,0,1,4
40006018008P6,12,4,0,20,0,55.15,20,0,7,1,13,4,4,6,6,7,0,19,1,2,19
40005011009P6,16,3,0,20,0,49.2,20,0,1,7,7,9,3,0,2,8,0,7,0,10,1
51001012010P0,22,4,0,20,0,54.95,20,0,6,6,2,27,2,2,4,1,0,22,5,2,6
53001010052P3,18,4,1,20,0,53.38095238095238,21,0,2,3,9,2,4,3,7,3,3,18,6,11,3
22001018013P7,45,4,0,20,0,57.8,20,0,8,6,23,3,3,7,6,0,0,14,8,1,1
23001011026P4,23,6,0,20,0,54.6,20,0,18,6,21,2,1,1,2,1,0,19,28,21,1
22002014004P4,18,4,0,20,0,58.15,20,0,5,3,18,7,12,0,0,9,1,29,0,3,8
32018010010P2,10,3,0,20,0,48.05,20,0,1,5,7,1,1,4,4,0,0,15,0,2,1
22001018082P9,7,4,0,20,0,49.1,20,0,2,4,19,13,4,3,3,2,0,11,1,5,2
50001019002P4,28,4,0,20,0,56.95,19,1,5,3,26,17,3,5,30,0,3,11,8,6,2
28022017007P3,11,3,0,20,0,49.65,19,1,5,4,11,6,0,5,3,0,0,8,0,5,1
24009016002P1,50,4,0,20,0,58.25,19,1,1,1,11,6,2,1,0,0,1,18,0,2,1
15001016076P9,9,3,0,20,0,53.8,19,1,11,3,13,5,6,1,15,12,0,46,0,5,5
41020014004P9,7,3,0,20,0,47.35,19,1,8,8,16,5,3,9,6,3,0,18,0,1,5
28023013001P1,13,4,0,20,0,48.85,19,1,2,0,5,19,6,5,1,1,0,19,0,4,3
31004016044P4,15,4,0,20,0,58.9,19,1,2,2,3,1,4,3,1,10,6,8,2,11,2
31004016043P8,15,3,0,20,0,52.35,19,1,13,5,4,6,1,0,5,0,0,20,0,1,5
53001010081P3,11,4,0,20,0,50.8,19,1,18,3,5,8,1,1,10,3,0,17,6,9,1
32001010038P8,33,5,0,20,0,57.15,19,1,6,4,6,3,2,3,2,0,0,22,7,2,6
28007018003P6,19,5,0,20,0,52.55,19,1,14,12,13,5,1,0,1,0,0,11,18,6,1
52010015003P1,8,3,0,20,0,41.45,19,1,11,7,23,20,2,6,6,0,0,12,0,1,1
32018010013P1,8,3,0,20,0,44.8,19,1,1,6,7,17,9,1,1,12,1,10,0,4,1
33002037004P6,57,7,0,20,0,57.4,19,1,26,20,16,9,0,0,1,0,0,6,20,1,7
31002013006P2,45,3,0,20,0,55.05,19,1,28,12,10,3,1,1,2,5,0,13,6,2,57
27001016030P2,11,3,0,20,0,47.45,19,1,1,1,3,5,4,16,0,2,0,16,0,1,1
22003010012P3,16,4,0,20,0,55.2,19,1,2,21,21,37,1,7,2,15,0,23,5,1,5
33004064048P2,31,6,1,20,0,57.857142857142854,19,2,29,17,13,14,4,13,2,4,5,15,13,2,21
32001010071P5,16,4,0,20,0,54.5,18,2,4,4,3,0,3,3,7,2,5,12,0,1,2
33002029035P3,23,6,0,20,0,52,18,2,18,16,5,15,7,6,5,0,0,4,9,5,26
22001018072P3,11,4,0,20,0,55.1,18,2,6,10,22,23,13,3,0,7,0,10,8,7,6
40001016081P3,7,3,0,20,0,47.85,18,2,4,7,5,2,7,6,3,1,0,23,0,1,5
50001019033P7,9,3,0,20,0,43.45,18,2,5,0,4,6,2,3,0,9,1,20,0,1,10
52001016022P0,19,5,0,20,0,54.95,18,2,11,11,28,3,6,7,5,0,0,10,9,4,9
31001017008P9,44,7,0,20,0,58.5,18,2,36,23,15,5,0,15,2,1,0,21,15,6,5
40006018006P3,13,4,0,20,0,52.2,18,2,9,10,21,35,4,3,2,5,0,20,0,2,1
40015017011P2,13,4,0,20,0,49.95,18,2,1,7,10,11,5,2,2,4,0,17,0,1,2
33093016004P8,19,5,0,20,0,47.8,18,2,6,14,15,16,6,5,2,3,1,20,20,2,3
13001019007P1,10,3,0,20,0,53.4,17,3,2,1,7,0,3,2,0,1,0,9,0,1,5
31003010015P1,47,4,0,20,0,56.85,17,3,17,17,9,7,2,3,3,0,0,16,12,2,3
21001014020P0,12,4,0,20,0,50.9,17,3,2,0,3,1,8,10,4,21,2,19,0,5,4
31004016041P5,16,4,0,20,0,58.85,16,4,0,3,2,0,4,5,9,0,0,11,7,1,13
27002012002P5,15,4,0,20,0,54.7,16,4,7,11,20,12,6,11,1,3,0,19,3,25,7
33004064079P5,21,4,0,20,1,58.047619047619051,16,5,5,2,10,7,7,7,3,8,0,9,0,7,12
53003012005P4,21,5,0,20,0,49.1,15,5,26,16,19,1,3,6,1,5,2,12,7,20,64
12002011011P2,14,4,0,20,0,52.25,13,7,32,8,8,9,1,12,8,6,0,7,4,1,13
51002019005P2,15,3,0,20,0,54.55,11,9,25,17,19,7,7,15,5,8,0,13,0,9,31
40004015039P6,8,3,0,19,0,46.10526315789474,19,0,4,1,23,13,1,5,21,0,3,8,0,1,17
33004048023P9,9,3,0,19,0,50.89473684210526,19,0,3,1,24,11,7,3,4,23,0,12,0,5,19
31005012010P9,56,6,0,19,0,63.631578947368418,19,0,12,4,4,1,4,1,1,5,5,42,3,1,24
40004015034P4,11,4,0,19,0,54.8421052631579,19,0,21,19,10,11,11,4,2,5,3,11,17,1,20
42004012011P0,20,5,0,19,0,53.421052631578945,19,0,3,13,17,8,5,5,5,3,0,11,6,3,20
32003013002P6,53,5,0,19,0,54.684210526315788,19,0,3,2,5,1,1,4,2,5,0,18,9,3,3
40006018034P7,6,3,0,19,0,48.736842105263158,19,0,0,2,7,1,4,7,3,2,0,11,0,1,2
32011016006P0,10,3,0,19,0,52.94736842105263,19,0,1,9,11,15,2,2,2,0,0,9,0,1,3
52001016032P6,15,4,0,19,0,47.736842105263158,19,0,2,5,19,7,10,13,6,2,0,13,0,1,6
40003019009P3,25,4,0,19,0,53.05263157894737,19,0,9,6,11,9,9,4,3,1,0,21,16,4,4
33004064034P1,34,5,0,19,0,57.263157894736842,19,0,14,14,37,7,2,6,12,0,0,12,18,2,29
28001010062P8,14,5,0,19,0,54.631578947368418,19,0,4,9,12,0,4,3,11,8,4,10,7,23,70
33003017076P2,22,4,0,19,0,56.631578947368418,19,0,3,12,12,2,0,3,3,3,0,25,11,4,8
24001015025P0,43,4,0,19,0,52.578947368421055,19,0,23,7,3,0,8,3,1,5,2,10,11,12,1
33002029039P9,16,6,0,19,0,52.94736842105263,19,0,14,27,50,19,7,3,1,1,0,8,6,1,1
23001011011P7,33,4,1,19,0,55.75,20,0,13,6,3,3,1,4,3,1,0,13,6,3,3
32014015006P0,15,3,0,19,0,48.736842105263158,19,0,12,2,8,17,10,1,0,11,0,11,0,1,6
41001010024P6,30,7,0,19,0,49.526315789473685,19,0,18,20,23,8,2,1,1,0,0,11,8,3,1
16003012011P0,9,3,0,19,0,44.736842105263158,19,0,4,5,8,9,5,9,3,9,0,14,0,46,10
33002010174P8,27,4,0,19,0,57.789473684210527,18,1,10,9,14,9,5,3,4,3,0,6,5,1,5
28001010071P7,12,5,0,19,0,54.368421052631582,18,1,4,3,9,0,3,1,8,4,4,17,0,11,69
32004010007P8,37,5,0,19,0,52.10526315789474,18,1,11,17,20,6,3,0,3,0,1,11,11,1,22
40005011004P4,19,4,0,19,0,48.631578947368418,18,1,31,25,10,6,11,3,1,2,0,1,12,12,4
53001010045P7,23,4,0,19,0,53.631578947368418,18,1,6,14,16,12,8,6,6,6,0,4,10,9,5
33003017027P1,52,7,0,19,0,54.10526315789474,18,1,37,17,2,0,1,3,2,6,3,13,20,19,16
22003010026P4,8,3,0,19,0,55.263157894736842,18,1,8,8,8,13,8,10,4,1,0,8,0,4,17
42039010002P8,14,4,0,19,0,45.05263157894737,18,1,13,10,19,4,2,2,15,3,0,11,6,1,2
40075010001P1,8,3,0,19,0,52.421052631578945,18,1,5,11,11,6,10,2,5,0,0,12,0,1,28
40002012049P9,7,3,0,19,0,52.315789473684212,18,1,5,4,6,0,2,3,14,0,0,12,0,6,17
31005012002P6,56,6,0,19,0,55.368421052631582,18,1,33,23,14,3,2,2,0,3,0,3,5,1,3
33024014017P6,22,4,0,19,0,55.210526315789473,18,1,4,5,5,10,0,0,4,1,0,17,9,1,6
33002010192P6,21,3,1,19,0,62.95,19,1,1,0,0,0,1,3,0,0,2,7,0,1,3
25004018006P8,49,4,0,19,0,55.421052631578945,18,1,5,3,7,9,4,13,1,1,0,17,10,1,2
33002088001P4,33,4,1,19,0,58.05,19,1,12,6,0,8,7,3,1,1,0,6,7,3,1
31003010025P7,32,4,0,19,0,56.684210526315788,18,1,5,4,11,9,20,10,2,4,0,13,7,2,2
40001016040P5,21,5,1,19,0,56.25,19,1,6,12,5,1,4,0,2,1,0,17,8,12,1
12001015003P3,26,4,0,19,0,54.1578947368421,17,2,0,7,15,9,3,4,13,0,0,11,5,1,2
32001010093P9,8,4,0,19,0,55.578947368421055,17,2,6,9,17,12,8,1,0,5,0,6,3,4,2
33003033004P2,38,6,0,19,0,53.1578947368421,17,2,18,17,6,4,5,7,1,0,0,3,11,10,9
28001010076P9,11,3,0,19,0,58.736842105263158,17,2,5,2,4,0,0,0,7,0,0,8,0,1,12
33004102073P5,6,3,1,19,1,54.904761904761905,18,3,0,1,6,3,6,24,3,0,10,15,0,2,7
33004137063P6,21,3,0,19,0,50.94736842105263,16,3,2,9,12,7,1,1,2,1,0,13,0,2,14
33004030055P6,32,4,0,19,0,55.94736842105263,15,4,14,6,2,6,4,7,7,7,3,15,4,5,7
30001013048P8,10,3,1,19,0,53.25,16,4,3,4,12,13,1,7,1,0,0,9,0,1,4
27001016045P0,8,4,0,19,0,55,15,4,2,4,16,22,20,8,2,11,0,19,3,16,3
30001013036P0,11,3,0,19,0,52.631578947368418,14,5,2,2,2,2,1,3,6,1,1,29,0,2,2
33008019005P0,21,5,0,19,0,50.421052631578945,13,6,10,4,12,4,2,4,0,1,0,14,5,1,18
42014018004P5,8,4,0,19,0,56.315789473684212,13,6,4,31,36,19,18,13,16,6,0,11,0,2,23
31001017112P0,22,4,0,19,0,53.94736842105263,13,6,44,23,13,6,4,4,3,11,21,7,8,4,10
24001015034P0,31,3,0,18,0,46.444444444444443,18,0,8,17,20,13,23,13,4,3,0,20,0,3,4
40005011008P0,18,4,0,18,0,49.888888888888886,18,0,2,4,13,9,6,3,5,5,0,4,2,1,2
42001013079P4,16,4,0,18,0,49.388888888888886,18,0,44,20,14,10,8,3,3,6,0,12,4,1,3
32018010009P4,11,4,0,18,0,50.333333333333336,18,0,15,18,16,4,0,1,1,0,0,6,6,1,5
32002017030P3,15,3,0,18,0,53.388888888888886,18,0,1,10,17,13,10,1,0,7,0,25,0,3,4
33004102069P8,29,5,0,18,0,58.388888888888886,18,0,4,26,18,8,2,6,2,0,0,18,11,9,5
30001013029P3,14,4,0,18,0,51.388888888888886,18,0,5,8,5,15,2,1,3,13,0,16,0,18,12
32004010017P3,15,4,0,18,0,48.5,18,0,26,9,23,18,17,3,1,12,0,11,9,1,8
32007019023P9,11,4,0,18,0,45.777777777777779,18,0,8,4,6,1,1,0,0,2,1,11,0,1,1
33004099083P9,24,4,0,18,0,52.777777777777779,18,0,11,10,13,5,7,13,3,0,0,6,11,4,9
40002012016P3,32,5,0,18,0,55.388888888888886,18,0,4,12,20,16,9,11,1,4,0,18,11,17,9
33002010048P2,50,7,0,18,0,62.611111111111114,18,0,12,12,5,2,1,1,2,0,0,16,10,10,4
40001016074P7,10,3,0,18,0,55.277777777777779,18,0,6,4,9,9,4,3,6,2,0,14,0,3,12
24001015062P3,10,3,0,18,0,50.555555555555557,18,0,9,1,0,2,0,0,2,1,0,12,0,5,2
22002014007P3,7,3,0,18,0,48.055555555555557,18,0,3,4,6,9,2,0,0,6,0,9,0,4,1
32006012005P4,28,5,0,18,0,54.166666666666664,18,0,25,9,5,2,0,2,9,0,0,26,11,17,2
30001013049P4,9,3,0,18,0,47.777777777777779,18,0,5,3,21,0,1,0,0,2,5,9,0,8,10
20001010004P2,26,3,0,18,0,49.611111111111114,18,0,2,4,15,10,3,0,3,0,0,22,0,5,3
20001010017P7,13,4,0,18,0,48.555555555555557,18,0,15,10,4,6,5,8,0,0,0,0,5,2,1
32007019011P0,20,5,0,18,0,51.777777777777779,18,0,15,2,10,2,1,1,3,0,0,11,2,3,1
33002010214P0,11,3,0,18,0,47.777777777777779,18,0,3,3,4,0,7,0,1,4,0,19,0,3,6
52001016061P6,8,3,0,18,0,50.611111111111114,18,0,0,1,13,6,23,7,1,2,0,32,0,5,2
41001010019P2,33,6,0,18,0,55.888888888888886,18,0,3,19,24,6,1,3,1,3,0,24,15,1,7
28022017003P8,13,3,0,18,0,54.833333333333336,17,1,7,15,30,5,0,3,2,0,1,11,0,1,4
40001016038P0,21,4,0,18,0,49.944444444444443,17,1,16,15,37,12,1,1,2,6,0,8,7,2,3
20001010006P5,25,3,0,18,0,56.111111111111114,17,1,3,2,18,11,5,13,0,8,0,12,0,3,2
42008018010P9,10,4,0,18,0,54.611111111111114,17,1,8,10,17,4,11,7,19,18,0,6,0,16,5
32001010045P4,27,6,0,18,0,60.611111111111114,17,1,34,28,33,17,3,12,2,3,0,7,6,1,5
25001019072P1,12,3,0,18,0,51.222222222222221,17,1,9,6,10,5,1,0,2,1,0,16,0,4,2
33003017028P8,52,6,0,18,0,56.722222222222221,17,1,19,9,5,0,0,0,1,2,1,11,11,12,16
42014018001P6,15,4,0,18,0,53,17,1,2,15,28,14,11,26,29,3,0,9,10,5,14
41001010069P0,13,5,0,18,0,53.777777777777779,17,1,13,8,36,6,2,2,4,0,0,5,15,6,2
42001013102P6,10,3,0,18,0,54.333333333333336,17,1,5,9,13,25,17,5,8,6,0,21,0,3,3
23001011063P7,8,3,0,18,0,51.944444444444443,17,1,4,4,2,5,5,1,3,3,0,14,0,2,1
40001016036P8,24,6,0,18,0,56.444444444444443,17,1,10,6,17,14,6,7,4,2,0,11,7,70,1
20002017004P9,10,3,3,18,0,49.333333333333336,20,1,0,0,2,1,2,1,2,3,0,20,0,1,2
12002011010P6,19,3,0,18,0,61.833333333333336,17,1,4,6,8,5,2,1,5,0,0,14,0,2,28
31003010087P2,9,3,0,18,0,53.833333333333336,17,1,1,2,14,4,2,1,3,10,2,9,0,2,1
31003010068P8,12,3,0,18,0,53.555555555555557,17,1,14,2,2,1,1,2,8,3,0,22,0,5,3
24009016014P0,18,5,0,18,0,58.222222222222221,16,2,17,5,15,10,21,3,10,0,0,28,16,6,2
25020013003P7,10,3,0,18,0,42.944444444444443,16,2,2,6,5,12,20,6,2,9,0,15,0,17,1
32004010024P0,10,3,0,18,0,47.777777777777779,16,2,1,11,11,7,4,4,0,0,7,13,0,1,7
31058019002P4,11,3,2,18,0,57.55,18,2,5,5,8,2,1,13,6,0,0,12,0,3,6
41016017001P6,16,3,0,18,0,46,16,2,12,11,10,5,3,4,2,0,0,20,0,2,1
28001010045P6,18,4,0,18,0,52.944444444444443,16,2,8,2,8,0,2,2,2,3,1,8,2,9,4
33021015006P5,24,4,0,18,0,59.833333333333336,15,3,0,0,1,0,1,0,16,5,0,19,0,11,59
42005019020P5,26,6,0,18,0,52.555555555555557,15,3,14,15,33,13,6,4,1,2,0,17,16,1,2
33005010021P0,51,4,0,18,0,68.277777777777771,15,3,0,4,7,8,3,3,4,12,7,35,47,1,168
33002010078P9,48,6,0,18,0,54.277777777777779,15,3,7,12,17,9,5,0,0,0,0,11,8,6,20
33001014048P6,8,3,3,18,2,52.391304347826086,20,3,5,4,10,13,8,2,2,13,0,12,0,1,35
33069018001P1,16,3,0,18,0,60.277777777777779,14,4,4,1,1,1,0,0,1,0,0,5,0,1,5
40005011007P3,18,4,0,18,0,49.388888888888886,14,4,17,10,6,1,9,0,4,11,1,5,0,10,1
41004019001P1,22,4,0,18,0,53.333333333333336,14,4,4,11,8,3,1,7,2,2,0,20,2,2,13
28007018008P8,13,4,0,18,0,52,14,4,2,5,14,15,10,7,3,4,0,7,10,10,5
32004010031P6,7,5,0,18,0,48,14,4,35,17,33,23,4,1,1,0,1,15,1,4,6
33056013014P5,10,3,0,18,0,50.222222222222221,13,5,0,4,7,9,4,5,0,1,0,25,0,2,1
33009015018P0,42,4,0,18,0,59.5,13,5,0,3,5,7,17,0,0,0,0,12,1,3,1
31030017005P9,8,4,0,18,0,64.055555555555557,9,9,0,1,6,10,7,3,2,1,0,0,9,1,40
27001016047P2,7,3,0,17,0,43.529411764705884,17,0,1,6,11,14,9,8,5,18,0,12,0,3,7
52001016044P4,12,3,0,17,0,47.647058823529413,17,0,13,10,22,13,3,1,6,3,0,12,0,1,21
28007018016P0,8,3,0,17,0,50.117647058823529,17,0,7,1,3,4,4,2,1,0,0,12,0,8,1
33004021073P5,28,5,0,17,0,48.529411764705884,17,0,21,24,4,2,0,2,0,0,0,8,8,3,26
52001016069P7,7,3,0,17,0,42.588235294117645,17,0,8,1,5,2,0,3,2,0,0,9,0,2,34
42001013089P0,16,5,0,17,0,53,17,0,7,5,11,3,4,12,14,7,5,22,0,5,5
41002016009P0,17,4,0,17,0,53.235294117647058,17,0,0,5,5,6,1,14,1,0,3,19,0,6,11
31004016038P4,17,4,0,17,0,53.764705882352942,17,0,12,3,12,3,0,2,1,0,0,19,5,3,1
28001010059P7,14,3,0,17,0,56.8235294117647,17,0,13,5,7,4,4,5,7,0,0,0,4,15,1
40015017023P0,8,3,0,17,0,51.1764705882353,17,0,2,3,16,4,2,9,6,0,0,14,0,15,29
53001010082P0,11,3,0,17,0,54.058823529411768,17,0,7,7,15,27,1,10,5,0,0,15,5,1,8
42001013058P7,26,5,0,17,0,55.529411764705884,17,0,29,19,10,6,1,1,5,0,0,28,8,1,3
33084017001P3,12,3,0,17,0,53.882352941176471,17,0,2,0,2,0,2,2,11,5,4,15,0,4,2
42008018009P0,10,3,0,17,0,54.882352941176471,17,0,24,13,11,7,0,2,5,2,0,13,0,28,4
27001016014P7,14,3,1,17,0,52.333333333333336,18,0,2,4,9,4,1,2,32,0,1,11,0,15,1
15001016010P8,29,3,0,17,0,57.058823529411768,17,0,4,7,2,1,1,1,11,0,0,9,0,3,1
25003011013P8,19,4,0,17,0,57.294117647058826,17,0,4,3,19,2,4,2,4,0,0,13,11,1,5
33002010150P1,30,5,0,17,0,56.647058823529413,17,0,1,29,15,3,2,8,10,0,0,15,6,1,96
31003010055P3,19,3,0,17,0,53.1764705882353,17,0,5,6,35,65,0,0,7,3,1,23,0,1,5
15001016037P3,19,4,0,17,0,50.647058823529413,17,0,3,28,7,16,5,0,7,3,0,4,4,19,28
23001011060P8,10,3,0,17,0,46.941176470588232,17,0,6,15,19,16,2,2,6,1,0,14,0,7,2
42004012021P5,9,3,0,17,0,50.294117647058826,17,0,3,7,17,8,7,0,3,12,1,18,0,1,7
50002015006P6,10,3,0,17,0,47.705882352941174,17,0,0,1,9,12,18,11,3,3,0,19,0,3,2
33004056089P5,12,4,0,17,0,51.529411764705884,17,0,9,2,15,8,3,1,1,0,2,15,0,1,63
33004056087P2,13,4,0,17,0,52.058823529411768,17,0,10,1,3,15,1,4,4,7,5,17,1,1,6
32004010009P0,31,4,0,17,0,51.1764705882353,17,0,6,5,27,7,3,2,3,3,1,6,10,2,1
26001012036P8,9,3,0,17,0,46.470588235294116,17,0,4,6,10,7,10,6,1,12,0,15,0,26,5
30001013016P9,18,4,0,17,0,53,17,0,14,10,14,3,0,2,4,0,0,9,9,2,5
33067015002P5,23,3,0,17,0,50.8235294117647,17,0,5,8,1,9,2,11,0,0,0,15,0,7,11
33002029019P8,38,5,0,17,0,53.941176470588232,16,1,18,11,6,8,5,2,3,0,0,12,11,3,23
33004137046P4,31,5,0,17,0,59,16,1,2,13,14,10,15,8,5,10,0,10,12,4,12
32012012009P6,6,3,0,17,0,45.294117647058826,16,1,4,6,7,7,3,2,3,0,0,6,0,1,11
24004014012P5,11,3,0,17,0,47.8235294117647,16,1,4,5,16,9,0,0,5,0,0,11,0,1,3
41001010021P7,33,6,0,17,0,56.647058823529413,16,1,19,12,4,2,1,1,0,12,2,6,15,4,10
33004170001P6,8,4,0,17,0,54.941176470588232,16,1,16,9,11,6,0,3,1,0,0,15,7,7,25
33009015088P9,7,3,0,17,0,48.117647058823529,16,1,9,5,11,10,1,0,2,0,0,14,0,1,7
33002037005P2,45,4,0,17,0,55.058823529411768,16,1,18,8,14,1,0,3,10,0,0,11,6,1,9
31004016063P9,9,3,0,17,0,54.235294117647058,16,1,3,2,2,23,10,4,1,1,1,7,0,1,7
31005012027P9,27,4,0,17,1,62.166666666666664,17,1,0,10,5,3,0,8,9,5,2,25,23,1,9
33078017002P3,17,5,1,17,0,59.333333333333336,17,1,4,29,14,14,5,1,0,1,0,10,0,1,7
33002010061P9,43,6,0,17,0,58.647058823529413,15,2,23,23,12,2,5,2,0,0,0,6,7,2,11
42008018006P1,17,5,0,17,0,51.235294117647058,15,2,8,9,12,1,1,6,2,0,0,5,9,13,1
40022013003P2,13,4,0,17,0,44.764705882352942,15,2,7,12,3,8,10,8,0,0,8,20,0,10,3
16003012003P7,15,4,0,17,0,49.705882352941174,15,2,11,8,12,9,2,19,14,0,3,11,3,3,1
42014018003P9,9,3,0,17,0,46.470588235294116,15,2,8,2,5,11,12,6,9,9,0,8,0,12,16
40015017013P5,11,3,0,17,0,50.352941176470587,15,2,9,1,14,25,25,3,18,1,1,25,0,6,7
28023013002P8,13,4,0,17,0,55.117647058823529,14,3,4,6,10,18,9,7,1,1,0,9,6,3,34
22001018079P8,8,3,0,17,0,49.588235294117645,13,4,0,4,4,2,0,3,0,2,0,7,0,5,2
42003016009P9,36,5,0,17,0,54.294117647058826,13,4,24,10,10,8,11,3,3,17,9,15,13,30,57
33093016003P1,22,4,0,17,0,51.705882352941174,13,4,4,7,11,12,14,22,0,0,0,19,13,1,3
33144010022P4,5,3,0,17,0,47.352941176470587,12,5,2,3,2,5,3,2,2,0,0,9,0,1,2
33002088004P3,8,3,0,16,0,56.875,16,0,0,4,0,10,4,2,7,2,3,19,0,1,4
33001014034P5,11,3,0,16,0,50.5,16,0,0,1,17,2,4,1,11,0,0,13,0,2,16
28006011004P6,15,4,0,16,0,50.25,16,0,1,3,2,1,1,3,0,10,0,14,0,1,4
40001016070P1,11,3,0,16,0,51.5,16,0,0,3,1,2,2,3,7,11,1,19,0,1,1
33001014018P0,19,4,0,16,0,50.1875,16,0,5,2,8,8,4,17,6,1,3,14,6,1,2
22003010022P9,10,3,0,16,0,53.25,16,0,5,2,4,5,1,1,4,2,0,13,0,16,2
28022017004P4,13,3,0,16,0,48.125,16,0,3,3,6,9,2,2,2,3,0,12,0,4,1
40015017025P3,8,3,0,16,0,48,16,0,1,5,1,3,4,7,7,0,0,12,0,1,1
31013015002P5,22,4,0,16,0,56.75,16,0,8,3,6,2,0,1,2,2,0,8,5,1,3
33002037015P8,44,4,0,16,0,58.5,16,0,36,10,12,2,6,4,1,12,5,13,6,3,1
32001010050P8,26,4,0,16,0,54.9375,16,0,5,10,6,0,0,2,0,1,1,13,7,4,3
40014010006P2,11,3,0,16,0,46.4375,16,0,0,13,3,14,11,8,0,5,3,8,0,23,3
23001011075P5,7,3,0,16,0,48.25,16,0,5,5,9,9,0,1,2,0,0,9,0,1,4
40001016075P3,10,3,0,16,0,51.1875,16,0,9,6,10,13,5,4,3,5,0,5,0,2,1
24004014005P9,14,4,0,16,0,57.875,16,0,4,0,6,5,4,2,1,1,1,21,2,1,1
33002010209P6,12,4,0,16,0,50.375,16,0,32,5,8,0,5,3,5,15,2,8,15,2,10
23001011054P8,11,4,0,16,0,48.9375,16,0,8,10,14,4,2,1,1,1,2,7,6,1,14
33054010003P0,17,4,0,16,0,49.875,16,0,3,4,14,6,4,2,2,0,0,5,5,24,6
33002010155P3,29,4,0,16,0,56.6875,16,0,1,4,12,3,2,6,12,0,0,9,5,1,45
53001010080P7,11,4,0,16,0,50.4375,16,0,10,8,9,7,1,0,2,0,1,16,4,5,3
15001016051P6,15,4,0,16,0,55.125,16,0,7,5,9,3,3,4,10,3,4,0,11,7,3
24009016031P1,7,3,0,16,0,52.25,16,0,0,2,1,0,0,0,1,3,0,10,0,3,2
25001019090P0,8,3,0,16,0,39.6875,16,0,8,6,9,2,3,0,1,1,0,7,0,2,1
42005019034P6,8,4,0,16,0,54.625,16,0,13,7,16,5,7,5,2,4,0,2,0,18,4
52001016048P0,11,4,0,16,0,54.8125,16,0,9,21,24,24,8,1,1,5,0,0,3,36,1
32002017047P3,8,3,0,16,0,45.875,16,0,4,3,16,3,1,1,8,0,0,9,0,3,3
32001010095P1,7,5,0,16,0,53.1875,16,0,9,13,34,18,10,3,2,2,0,1,0,6,7
40022013004P9,11,4,0,16,0,44.5,15,1,5,6,4,7,8,2,8,3,0,12,0,18,8
12001015033P0,12,3,0,16,0,45.875,15,1,2,7,7,3,6,1,5,2,0,10,0,7,5
33002010047P6,45,5,0,16,0,52.0625,15,1,11,38,9,3,2,4,6,0,0,12,9,2,20
24001015067P5,8,3,0,16,0,48.375,15,1,13,6,9,6,6,0,5,2,5,23,0,3,4
33003017049P5,34,3,0,16,0,54.8125,15,1,8,2,4,2,3,4,3,1,0,10,3,1,3
32001010073P8,15,4,0,16,0,47.3125,15,1,2,4,16,4,8,0,3,0,1,13,0,2,5
25020013004P3,10,3,0,16,0,48.1875,15,1,0,3,25,3,1,0,7,0,0,7,0,2,4
27001016028P8,11,3,0,16,0,48.375,15,1,2,5,16,4,5,2,2,0,1,8,0,14,1
32004010025P6,9,5,0,16,0,49.375,15,1,9,18,52,8,3,0,2,0,0,11,9,1,3
52012018008P6,7,3,0,16,0,46.375,14,2,9,2,2,2,3,2,2,3,0,13,0,1,1
32008015009P2,19,4,0,16,0,52.3125,14,2,9,9,3,11,10,4,3,0,0,14,4,15,8
33001014051P7,7,3,0,16,0,48.4375,14,2,7,12,12,2,2,1,5,0,0,12,0,5,8
28001010073P0,12,4,2,16,0,51.777777777777779,16,2,2,6,22,8,3,4,5,5,1,11,0,9,1
31007015003P5,52,4,0,16,0,56.5,14,2,7,19,7,6,2,1,1,5,1,8,7,2,5
33021015001P3,30,4,0,16,0,48.875,14,2,7,12,2,4,3,5,1,0,0,3,4,1,4
40022013002P6,16,5,0,16,0,51.125,13,3,5,5,10,3,0,1,2,2,0,4,0,3,6
40022013005P5,10,4,0,16,0,51.125,13,3,5,4,13,3,0,1,2,2,0,6,6,3,6
42037018001P9,9,3,0,16,0,50.1875,13,3,0,1,12,6,4,4,1,1,0,10,0,1,4
42042011002P5,12,3,0,16,0,49.5625,13,3,8,10,14,6,2,4,1,1,0,28,0,4,9
33008019006P6,21,3,0,16,0,50.125,12,4,7,5,10,3,3,0,10,9,0,5,2,7,13
32073011004P1,5,3,0,16,0,55.1875,12,4,0,5,5,4,3,14,3,1,1,3,0,4,2
53001010067P0,14,5,0,16,0,50.8125,12,4,3,20,30,9,4,5,2,1,0,8,10,1,5
40001016053P0,15,4,0,16,0,55.125,11,5,0,2,6,0,4,2,7,2,0,12,8,7,4
33002010055P9,45,4,0,16,0,61.875,10,6,4,1,6,6,1,0,0,1,0,11,8,1,7
33128014001P5,13,3,0,16,0,53.875,9,7,11,3,17,8,1,0,17,1,1,6,0,1,101
33092010017P0,6,3,0,16,0,46.875,1,15,3,7,8,5,11,3,9,3,4,10,0,1,10
20009011001P4,14,3,0,15,0,44.733333333333334,15,0,14,14,4,15,10,0,0,0,0,2,0,2,4
41006011005P0,19,3,0,15,0,50.266666666666666,15,0,3,3,1,2,8,1,1,5,0,7,0,1,3
20009011002P0,13,3,0,15,0,45.333333333333336,15,0,4,11,10,12,3,2,3,4,0,12,0,10,9
32004010027P9,9,3,0,15,0,44.6,15,0,0,0,4,0,0,0,0,2,0,9,0,2,1
40006018024P1,8,3,0,15,0,47.2,15,0,1,5,4,1,0,1,3,3,19,9,0,1,2
26001012028P5,11,4,0,15,0,50.8,15,0,6,7,12,4,4,3,4,2,0,0,5,10,1
41011015001P4,12,3,4,15,0,48.210526315789473,19,0,0,1,0,3,0,0,0,2,2,15,0,7,2
42020018005P8,16,4,0,15,0,53.533333333333331,15,0,1,3,4,6,3,7,7,0,1,10,0,4,6
40006018017P5,10,3,0,15,0,50.333333333333336,15,0,1,6,11,1,10,4,1,8,0,12,0,1,6
41002016023P2,9,3,0,15,0,46.866666666666667,15,0,2,0,3,0,1,3,6,3,0,11,0,1,5
23001011021P2,22,3,0,15,0,48.666666666666664,15,0,2,4,6,0,2,3,2,8,2,14,0,1,1
53001010049P2,21,4,0,15,0,55,15,0,10,5,9,6,0,4,5,0,0,13,10,3,3
53003012009P0,16,4,0,15,0,54.133333333333333,15,0,5,4,16,11,6,9,2,0,0,18,0,10,7
42019010011P7,16,3,1,15,0,55.5625,16,0,0,1,11,7,4,4,4,11,0,6,0,1,7
52001016067P4,7,3,0,15,0,45.333333333333336,15,0,1,2,5,5,2,4,1,0,0,10,0,2,3
33114013002P4,11,3,0,15,0,47.06666666666667,15,0,1,0,5,4,1,1,1,8,0,14,0,1,10
31003010024P0,34,5,0,15,0,52.866666666666667,15,0,4,16,23,0,3,9,6,2,0,21,10,11,29
50001019030P8,10,3,0,15,0,44.2,15,0,0,0,25,12,1,0,6,0,3,11,0,6,4
23002018003P0,13,3,0,15,0,54.2,15,0,3,1,6,4,1,1,0,0,0,4,0,6,1
32004010018P0,14,5,0,15,0,50.93333333333333,15,0,5,8,24,11,4,0,0,0,2,12,7,5,2
32001010022P4,51,4,0,15,0,55.333333333333336,15,0,0,3,6,11,8,2,0,3,0,6,3,5,10
24009016025P1,11,3,0,15,0,57.866666666666667,15,0,1,1,6,2,0,3,4,0,15,18,0,1,1
40014010002P7,15,3,0,15,0,48.533333333333331,15,0,1,3,5,8,4,1,4,2,0,10,0,9,7
31033016015P3,16,6,0,15,0,51.4,15,0,12,22,30,6,1,0,3,0,0,8,6,4,2
16003012007P2,14,3,0,15,0,48.8,15,0,4,0,2,2,1,7,1,1,0,20,0,3,29
33051011010P8,10,3,0,15,0,52,15,0,10,9,3,0,3,2,0,0,0,2,0,6,1
41007018002P7,8,3,0,15,0,51.266666666666666,14,1,0,4,3,8,18,22,2,0,7,20,0,1,4
32003013009P0,10,3,1,15,0,52.625,15,1,7,3,9,3,2,5,7,4,0,5,0,6,2
32003013011P5,9,3,0,15,0,51.93333333333333,14,1,0,0,7,7,2,12,4,1,0,14,0,1,11
22008012001P3,13,3,0,15,0,49.06666666666667,14,1,4,0,1,1,1,0,5,0,1,13,0,3,25
33002010190P3,18,4,0,15,0,60.4,14,1,0,3,8,11,5,1,4,2,1,6,0,4,42
28007018010P2,13,3,0,15,0,50.866666666666667,14,1,3,11,2,2,0,0,0,8,0,2,0,4,6
33021015009P4,23,3,0,15,0,59.866666666666667,14,1,1,1,18,4,0,1,0,1,0,15,0,1,1
27001016042P0,9,3,0,15,0,48.466666666666669,14,1,2,7,26,4,4,1,0,0,0,19,0,2,1
25001019065P5,21,5,0,15,0,47.8,14,1,7,6,11,5,7,1,3,0,1,12,0,7,4
33004056082P0,22,5,0,15,0,59.8,14,1,2,3,2,2,13,0,16,1,4,10,6,6,11
42041015003P5,12,3,0,15,0,51.06666666666667,14,1,2,3,4,2,2,10,4,0,0,13,0,10,24
40002012003P9,45,5,0,15,0,61.466666666666669,14,1,11,7,10,5,4,0,1,3,2,23,8,11,14
40005011013P3,11,3,0,15,0,51.133333333333333,14,1,2,3,6,5,2,5,5,2,0,10,0,5,11
40001016078P2,9,3,0,15,0,48.733333333333334,14,1,2,6,6,4,0,0,3,6,0,6,0,1,4
20001010023P7,10,4,3,15,0,54.277777777777779,17,1,2,5,5,2,4,1,1,0,0,14,0,7,1
32004010014P4,20,6,0,15,0,50,13,2,11,9,21,9,0,0,1,0,1,11,4,8,6
23004010004P0,9,3,0,15,0,45.333333333333336,13,2,1,1,7,3,1,1,3,14,0,8,0,63,6
15001016075P2,8,3,0,15,0,50.4,13,2,2,4,8,0,4,5,21,24,2,49,0,5,1
33057010002P7,16,3,0,15,0,47.133333333333333,13,2,14,10,5,2,1,3,12,0,0,4,0,2,4
42037018002P5,8,3,0,15,0,54.466666666666669,13,2,0,1,11,4,5,8,0,2,0,20,0,1,20
41006011003P7,23,4,0,15,0,51.2,12,3,8,9,12,1,1,4,2,2,0,4,1,2,3
33021015014P8,6,3,0,15,0,62.133333333333333,12,3,0,0,0,0,0,1,13,4,0,1,0,11,7
42002010055P8,9,4,0,15,0,50.733333333333334,12,3,3,4,11,14,2,5,6,0,6,8,0,2,6
15001016073P0,9,3,1,15,0,57.9375,12,4,1,2,3,4,12,9,0,0,3,17,0,1,11
32002017040P9,10,4,0,15,0,56.133333333333333,11,4,20,14,24,8,2,0,5,0,0,9,0,2,7
33093016006P0,14,3,0,15,0,42.533333333333331,11,4,3,17,12,6,0,2,62,1,0,7,0,1,1
31030017003P6,15,4,0,15,0,64.466666666666669,11,4,0,1,4,7,6,3,0,1,0,18,0,1,30
40041018001P7,13,3,0,15,0,53.266666666666666,11,4,4,11,5,4,2,9,0,0,0,12,0,34,1
41001010086P1,9,4,0,15,0,58,10,5,0,2,5,6,6,4,1,7,0,10,0,1,7
33002010132P3,34,4,0,15,0,53.133333333333333,10,5,15,6,7,4,3,0,0,0,0,0,8,1,3
32008015014P6,22,4,2,15,0,55.352941176470587,12,5,9,9,1,9,10,2,2,0,0,13,0,14,8
40006018037P6,6,3,0,15,0,45.133333333333333,10,5,1,3,2,3,1,3,4,5,0,5,0,2,2
31027016003P9,10,3,0,15,0,55.133333333333333,7,8,0,5,4,1,0,0,1,0,0,4,0,1,1
32145012001P7,7,3,0,15,0,55.93333333333333,6,9,0,2,2,3,2,1,5,13,0,11,0,1,4
40077012001P0,8,3,1,15,0,50.5,6,10,0,4,1,1,2,3,2,2,0,21,0,1,26
42002010158P1,6,4,0,15,0,52.733333333333334,5,10,0,3,4,4,1,0,2,1,2,15,0,2,1
23009004001P7,6,3,1,15,0,45.6875,2,14,0,0,5,2,4,1,0,2,0,12,0,4,6
31001017035P6,54,5,0,14,0,63.142857142857146,14,0,12,2,15,4,7,13,3,1,0,25,24,1,7
32004010029P1,8,4,0,14,0,53.928571428571431,14,0,1,15,19,3,1,1,4,0,4,1,8,1,2
40003019005P8,22,5,0,14,0,53.214285714285715,14,0,12,3,15,1,1,0,0,2,1,12,6,7,2
32025017002P2,12,4,0,14,0,59.928571428571431,14,0,0,5,0,1,2,4,5,3,1,20,0,6,8
42005019027P0,19,4,0,14,0,51.5,14,0,0,1,4,7,2,4,0,9,0,12,12,1,8
22001018016P6,44,4,0,14,0,51.571428571428569,14,0,7,13,12,13,5,3,1,1,0,18,0,1,6
32005016032P5,11,3,0,14,0,50.857142857142854,14,0,3,7,7,9,6,3,1,2,0,13,0,16,7
21001014013P4,14,3,0,14,0,50.071428571428569,14,0,1,5,12,5,4,1,7,3,0,9,0,6,1
33004056080P8,24,4,0,14,0,57.428571428571431,14,0,2,4,16,8,4,2,0,4,9,10,4,2,8
21001014029P8,9,3,0,14,0,42.785714285714285,14,0,5,4,11,3,14,7,3,6,2,22,0,1,1
30001013030P1,14,3,0,14,0,57.285714285714285,14,0,3,2,2,1,4,3,2,0,2,23,0,1,3
25001019061P0,16,3,1,14,0,65,15,0,0,0,0,3,0,1,3,1,0,13,0,1,3
33065012004P5,7,3,0,14,0,54.214285714285715,14,0,8,7,8,4,5,1,7,1,0,14,0,7,6
40003019010P1,20,4,0,14,0,52,14,0,9,8,10,3,4,4,2,5,5,21,12,4,2
40002012033P5,13,3,0,14,0,48.857142857142854,14,0,2,2,4,0,3,1,0,4,0,12,0,1,1
16003012016P1,8,3,0,14,0,49.571428571428569,14,0,4,4,11,2,3,12,31,0,1,28,0,2,1
15001016063P4,11,3,0,14,0,51.142857142857146,14,0,0,3,2,2,5,1,3,0,1,21,0,1,4
42008018014P4,9,3,0,14,0,55,14,0,7,1,2,3,0,8,5,1,1,16,0,3,8
28001010021P0,33,3,0,14,0,59.571428571428569,14,0,12,4,3,3,4,4,5,0,1,18,0,10,2
40006018033P0,6,3,0,14,0,44.285714285714285,14,0,3,0,3,1,3,3,2,0,0,9,0,4,1
32044011001P3,8,3,0,14,0,47.785714285714285,14,0,4,2,2,1,0,1,0,3,0,6,0,3,86
20001010028P9,9,3,0,14,0,50.642857142857146,14,0,0,1,0,0,1,0,3,1,1,9,0,1,2
40006018029P3,7,3,0,14,0,46.857142857142854,14,0,1,3,2,4,1,3,7,2,7,7,0,3,2
42002010052P9,10,3,0,14,0,44.928571428571431,13,1,5,5,35,15,32,6,22,5,41,15,0,8,5
40015017006P9,15,4,0,14,0,51.142857142857146,13,1,11,1,2,2,0,1,2,0,0,19,2,14,15
42005019015P1,27,4,0,14,0,53.714285714285715,13,1,5,9,4,2,1,0,2,2,0,11,0,3,1
30011019001P3,14,4,0,14,0,48.642857142857146,13,1,8,4,20,8,12,3,0,9,0,9,6,1,5
42042011001P9,15,3,1,14,0,51.866666666666667,14,1,3,8,12,8,2,13,1,1,0,6,0,5,15
30011019002P0,13,3,0,14,0,46.357142857142854,13,1,3,11,16,5,2,5,12,0,0,11,0,1,3
41008014003P0,14,3,0,14,0,54.428571428571431,13,1,3,2,7,12,12,11,2,0,11,23,0,1,1
23001011071P0,7,3,0,14,0,42.785714285714285,13,1,0,1,0,0,0,0,0,0,0,8,0,1,4
33009015021P1,43,4,0,14,0,48.357142857142854,13,1,5,4,5,5,8,0,0,0,0,1,8,2,2
27002012004P8,10,4,0,14,0,50.571428571428569,13,1,6,10,16,6,1,2,1,4,0,10,0,32,3
31063012001P8,15,3,0,14,0,52.214285714285715,12,2,2,2,7,2,7,20,2,12,1,21,0,8,78
30011019003P6,11,3,0,14,0,46.714285714285715,12,2,4,14,10,13,9,2,0,1,0,15,0,1,3
33003017042P0,34,5,0,14,0,56.571428571428569,12,2,31,9,4,2,3,3,0,1,1,5,6,4,19
33002010146P4,33,5,0,14,0,56.714285714285715,11,3,18,10,10,6,1,1,1,0,0,3,4,4,11
31021018017P1,10,3,0,14,0,45.071428571428569,11,3,2,2,0,0,1,3,0,1,0,8,0,1,2
33082014003P3,10,3,0,14,0,47.571428571428569,11,3,3,0,4,1,2,2,1,0,0,7,0,1,12
33056013013P9,11,4,0,14,0,48.642857142857146,11,3,6,0,6,4,2,4,3,2,0,10,0,10,6
40014010011P6,7,3,0,14,0,52.5,11,3,1,1,4,2,6,1,0,0,0,6,0,2,1
42010012004P0,14,3,0,14,0,50.857142857142854,11,3,5,4,8,13,19,2,1,8,0,5,0,1,2
41006011012P6,8,3,1,14,0,54.533333333333331,11,4,1,1,2,2,2,4,5,0,1,10,0,1,5
33005010005P4,46,5,0,14,0,62.142857142857146,10,4,3,13,5,2,2,7,0,0,0,18,16,1,8
33082014005P6,6,4,0,14,0,54.5,9,5,8,6,17,7,6,2,10,3,0,7,0,1,1
42010012007P9,10,3,1,14,0,54.2,9,6,1,1,0,3,7,18,2,0,10,11,0,2,15
52010015102P0,6,3,0,14,0,39,1,13,5,6,18,11,3,6,6,0,2,12,0,1,2
40002012023P0,20,4,0,13,0,52.07692307692308,13,0,11,9,8,5,6,6,2,2,0,12,5,8,6
31002013029P2,8,4,0,13,0,48.230769230769234,13,0,2,2,3,3,0,0,2,0,0,5,0,1,1
32018010006P5,12,3,0,13,0,50.384615384615387,13,0,2,4,8,5,5,0,1,4,2,20,0,2,4
32004010020P4,14,3,0,13,0,42.46153846153846,13,0,3,4,9,7,1,0,3,2,0,16,0,3,1
42008018013P8,10,3,0,13,0,54.384615384615387,13,0,1,6,2,3,1,1,2,2,1,9,0,6,1
31005012014P4,54,5,0,13,0,53.307692307692307,13,0,11,3,6,2,3,8,7,1,3,21,6,4,6
31004016049P6,14,3,0,13,0,54.692307692307693,13,0,9,6,4,3,1,1,3,0,0,10,0,2,1
26001012033P9,9,3,0,13,0,47.230769230769234,13,0,0,3,5,2,1,1,1,1,0,10,0,1,1
25001019021P8,42,6,0,13,0,48.53846153846154,13,0,7,6,11,5,9,2,3,0,0,25,6,7,3
40004015070P0,6,3,0,13,0,49.07692307692308,13,0,0,2,5,1,0,1,6,0,0,10,0,1,1
40003019016P0,13,3,0,13,0,52.846153846153847,13,0,1,9,13,5,1,4,5,0,0,15,0,6,9
24001015074P1,7,3,0,13,0,50.615384615384613,13,0,10,4,8,9,6,3,0,1,0,2,0,11,1
32002017003P6,51,6,0,13,0,50.615384615384613,13,0,22,13,22,2,1,0,6,0,1,17,10,4,5
23001011073P2,7,3,0,13,0,50.615384615384613,13,0,1,4,10,6,5,0,0,3,0,9,0,1,1
33002010239P2,8,4,0,13,0,52.92307692307692,13,0,8,12,11,7,6,6,3,0,0,4,7,3,11
25001019052P0,20,3,0,13,0,58,13,0,0,2,2,6,0,2,8,0,0,13,0,1,2
42001013059P3,27,6,0,13,0,54,13,0,13,6,14,2,5,16,19,15,5,16,15,6,16
33065012003P9,13,3,0,13,0,53.769230769230766,13,0,6,5,15,7,11,2,7,10,1,10,0,5,3
32008015004P0,23,4,0,13,0,51.769230769230766,13,0,4,3,4,1,0,0,1,7,1,24,1,5,1
31033016012P4,18,4,0,13,0,56.53846153846154,13,0,6,1,0,1,1,0,1,2,3,12,2,5,1
33092010009P7,9,3,1,13,0,51.142857142857146,14,0,0,4,7,19,5,13,2,0,7,22,0,1,13
33148015001P9,12,3,0,13,0,51.615384615384613,13,0,4,5,9,9,0,10,3,2,0,15,0,2,2
32004010012P1,24,5,0,13,0,59.692307692307693,12,1,7,4,22,5,0,0,2,1,0,13,8,1,18
32004010016P7,15,4,0,13,0,52.846153846153847,12,1,7,6,16,5,1,3,2,1,7,8,5,2,4
32073011003P5,8,4,0,13,0,53.92307692307692,12,1,0,3,8,11,11,1,2,6,0,15,0,9,3
40003019004P1,25,4,0,13,0,53.846153846153847,12,1,5,4,0,0,0,1,1,3,1,7,9,2,7
41002016011P4,15,3,0,13,0,48.846153846153847,12,1,0,2,7,3,4,0,0,5,0,7,0,1,1
24004014014P8,10,3,0,13,0,45.846153846153847,12,1,1,6,4,6,2,1,0,0,0,17,0,5,2
25003011002P6,45,5,0,13,0,55.07692307692308,12,1,9,1,8,3,0,0,1,0,0,7,6,6,11
33002029034P7,23,5,0,13,0,52,12,1,9,10,9,1,0,2,0,0,0,1,3,1,5
42009014008P0,10,3,0,13,0,56,11,2,0,1,1,0,1,1,0,0,0,8,0,6,6
42019010014P6,8,3,0,13,0,56.307692307692307,11,2,3,0,1,2,0,1,2,2,0,4,0,1,2
42007011021P4,13,4,0,13,0,49.769230769230766,11,2,1,5,9,1,6,0,6,1,0,21,0,1,8
40030016004P8,7,3,0,13,0,48.92307692307692,11,2,4,7,7,2,3,4,1,2,0,12,0,1,4
23004010003P3,10,3,0,13,0,45.307692307692307,11,2,4,3,5,4,1,0,9,0,0,21,0,5,8
51002019003P0,23,4,1,13,0,58.357142857142854,12,2,2,3,10,18,7,6,1,1,0,13,0,1,7
52001016029P5,16,4,0,13,0,51.230769230769234,10,3,22,20,11,1,7,4,1,11,1,14,0,20,7
33002010245P2,6,4,0,13,0,65.3076923076923,10,3,4,5,8,9,2,4,0,1,0,1,0,1,20
33107017002P1,14,3,0,13,0,52,9,4,1,3,4,1,5,1,0,8,0,4,0,3,8
26006014001P1,9,3,0,13,0,48.230769230769234,8,5,0,0,0,5,4,4,8,0,1,19,0,3,5
30013011001P6,12,3,0,13,0,58.230769230769234,7,6,0,4,2,4,0,4,3,5,0,23,0,1,2
33106010002P5,15,4,0,12,0,58.833333333333336,12,0,0,1,8,3,5,3,13,5,2,17,3,3,38
24001015071P2,7,3,0,12,0,43.25,12,0,4,8,4,0,0,0,0,1,0,2,0,1,21
42046017001P4,11,3,0,12,0,41.916666666666664,12,0,1,2,3,3,0,0,3,5,0,7,0,3,1
42003016046P1,9,3,0,12,0,45.166666666666664,12,0,1,9,15,3,2,1,4,1,1,6,0,1,14
42007011018P3,14,4,0,12,0,50.916666666666664,12,0,3,0,7,6,5,1,3,0,2,18,0,3,6
32002017013P1,46,5,0,12,0,55.833333333333336,12,0,9,10,3,3,3,0,2,2,0,25,18,2,53
41015010004P9,10,3,0,12,0,46.166666666666664,12,0,12,7,8,2,2,0,1,0,0,4,0,12,1
33063010003P0,24,5,0,12,0,63.25,12,0,4,2,10,5,3,8,9,5,10,14,13,2,3
32006012034P4,8,3,0,12,0,51.416666666666664,12,0,1,8,11,3,0,0,2,5,1,9,0,2,3
32008015002P8,25,3,0,12,0,55.416666666666664,11,1,2,2,0,7,1,0,0,1,0,17,0,2,1
33008019007P2,10,3,0,12,0,51.25,11,1,13,6,3,3,4,0,1,9,0,17,0,3,9
42002010048P1,10,4,1,12,0,50.615384615384613,12,1,3,2,9,2,4,0,13,1,1,9,0,1,10
16003012010P3,10,3,1,12,0,51.230769230769234,11,2,0,0,0,3,0,1,2,0,0,5,0,2,2
31018017012P2,11,4,0,12,0,50.916666666666664,10,2,20,8,6,3,4,10,6,0,1,9,6,1,1
33052018002P1,22,3,0,12,0,44.916666666666664,10,2,2,3,4,4,3,6,0,0,0,12,0,7,6
40006018031P8,7,3,0,12,0,51.583333333333336,10,2,0,0,2,4,2,3,7,11,1,17,0,3,1
33107017008P0,9,4,0,12,0,49.666666666666664,9,3,0,7,2,3,3,0,1,1,0,4,3,7,14
42007011026P6,9,3,1,12,0,48.692307692307693,9,4,3,1,0,2,0,3,1,0,0,4,0,1,5
40028011004P7,5,3,0,12,0,46.666666666666664,7,5,1,5,4,2,3,0,0,7,0,3,0,4,13
31030017001P3,18,4,0,12,0,47.25,6,6,5,4,7,3,3,7,4,0,0,16,0,1,5
33245010001P7,6,3,1,12,0,57.153846153846153,4,9,0,0,0,0,1,4,6,5,0,23,0,1,3
42020018004P1,16,3,0,11,0,48.545454545454547,11,0,2,1,2,0,7,2,8,2,0,11,0,2,1
33092010008P0,11,4,0,11,0,49.363636363636367,11,0,4,3,9,31,11,2,5,3,4,18,0,1,1
50001019022P5,12,3,0,11,0,55,11,0,1,0,0,1,1,2,2,0,0,5,0,2,4
25003011021P0,14,4,0,11,0,54.727272727272727,11,0,1,1,1,3,0,1,1,5,0,10,0,1,1
32002017039P0,11,3,0,11,0,55.272727272727273,11,0,1,1,1,2,0,0,2,0,0,13,0,1,65
51001012035P2,9,3,1,11,0,51.083333333333336,12,0,0,0,1,1,3,0,2,1,0,9,0,1,1
22001018059P7,13,3,0,11,0,50.18181818181818,11,0,0,0,4,0,0,4,1,0,3,20,0,2,1
26001012012P1,20,4,0,11,0,51.636363636363633,11,0,5,1,3,0,1,1,5,0,0,8,0,2,1
32005016029P4,11,3,0,11,0,53.272727272727273,11,0,0,4,1,0,0,2,0,0,2,19,0,3,4
26001012022P7,15,3,0,11,0,49.636363636363633,11,0,4,2,4,7,1,4,6,0,0,9,0,11,2
31040012001P5,15,3,0,11,0,54.81818181818182,10,1,3,0,2,1,2,1,14,1,1,19,0,2,3
42008018015P0,8,3,0,11,0,58.545454545454547,10,1,2,1,5,2,3,3,3,0,0,16,0,2,3
33009015031P7,37,5,0,11,0,56.18181818181818,9,2,6,6,9,3,15,0,0,0,0,6,2,1,4
25003011017P3,45,5,0,11,0,54.909090909090907,9,2,4,16,19,7,0,1,4,0,1,8,3,3,6
42007011032P6,7,3,1,11,0,52.666666666666664,10,2,1,5,1,5,3,3,3,2,0,16,0,1,6
42007011031P0,8,3,0,11,0,46.454545454545453,8,3,0,0,2,0,0,0,1,3,1,9,0,3,1
33280010001P2,8,3,0,11,0,43,8,3,1,6,2,0,1,0,3,1,0,8,0,1,2
33005010018P9,43,3,0,11,0,66.272727272727266,7,4,0,3,5,4,12,12,2,1,2,30,0,1,43
27001016016P0,13,3,0,11,0,52,7,4,4,2,3,0,4,2,2,0,0,11,0,12,2
33028010004P0,9,3,0,11,0,55.272727272727273,5,6,2,0,0,7,0,2,0,1,0,8,0,3,4
31067018002P0,12,3,0,11,0,48.636363636363633,2,9,5,3,5,1,0,15,6,0,0,22,0,12,7
42010012001P0,19,5,0,10,0,44.9,10,0,13,10,8,6,2,3,2,15,3,11,9,9,1
33007012004P7,27,3,0,10,0,58.6,10,0,4,3,3,2,5,13,26,17,2,7,6,1,4
32002017036P1,13,5,0,10,0,60.1,9,1,14,11,30,2,4,1,3,0,0,2,0,4,17
40003019019P9,7,3,0,10,0,50.1,9,1,0,3,5,2,5,0,0,0,8,18,0,1,6
31030017004P2,8,3,0,10,0,48.3,5,5,6,3,9,1,0,4,6,1,1,12,0,2,7
41017013002P9,13,3,0,9,0,61.444444444444443,9,0,0,0,0,1,4,2,7,28,1,16,0,3,1
25002015005P9,16,3,0,9,0,58.888888888888886,9,0,3,6,2,1,0,2,12,2,0,18,0,11,9
42007011023P7,11,3,0,9,0,58.666666666666664,9,0,3,1,6,1,2,1,3,1,4,15,0,1,4
32057016001P4,20,3,0,9,0,51.111111111111114,8,1,20,6,5,4,0,0,1,1,0,12,0,4,5
33027013005P7,7,3,0,8,0,48.875,8,0,6,1,1,0,0,0,2,0,0,7,0,2,2
41004019005P7,8,3,3,8,0,49.909090909090907,9,2,0,1,0,0,1,0,0,0,0,5,0,5,4
32053010005P4,7,3,2,7,0,57.222222222222221,8,1,2,1,7,5,3,15,3,0,1,9,0,2,8
25002015002P0,18,3,0,7,0,61.714285714285715,6,1,1,2,2,4,4,0,4,19,2,5,0,4,15
